ticker,quarter,call_date,prepared_sentiment,qa_sentiment,overall_sentiment,sentiment_bucket,management_confidence,qa_defensiveness,n_wins,n_risks,win_risk_ratio,guidance,guidance_numeric,n_guidance_items,guidance_raises,guidance_lowers,n_themes,n_reactive_topics,sentiment_spread,win_revenue,win_margins,win_product,win_customer,win_growth,win_buybacks,win_cost_savings,risk_demand,risk_margins,risk_regulatory,risk_competition,risk_macro,risk_supply_chain,risk_customer_concentration,risk_execution,theme_ai,theme_cloud,theme_data_center,theme_china_exposure,theme_tariffs,theme_regulatory,theme_margin_expansion,theme_margin_pressure,theme_pricing_power,theme_cost_cutting,theme_capex,theme_buybacks,theme_macro_headwinds,theme_consumer_weakness,theme_product_launch,theme_customer_wins,theme_guidance_beat,theme_guidance_miss,theme_restructuring,theme_layoffs,theme_m_and_a,theme_supply_chain,theme_inventory,_wins_text,_risks_text,_risks_cats,_themes,overall_sentiment_delta,prepared_sentiment_delta,qa_sentiment_delta,management_confidence_delta,qa_defensiveness_delta,n_wins_delta,n_risks_delta,win_risk_ratio_delta,guidance_numeric_delta,n_reactive_topics_delta,sentiment_spread_delta,guidance_streak,sentiment_rank,sentiment_rank_ticker,sentiment_rank_quarter,risk_persistence,risk_persistence_cat,new_theme_count,momentum_1w,momentum_1m,momentum_3m,pre_call_volatility,surprise_beat_count,surprise_miss_count,surprise_inline_count,surprise_score,surprise_overall,fwd_excess_1d,fwd_raw_1d,fwd_excess_5d,fwd_raw_5d,fwd_excess_21d,fwd_raw_21d,fwd_excess_63d,fwd_raw_63d,fwd_excess_21d_dir,fwd_excess_1d_dir,split
AMD,Q4-2023,2024-01-30,0.75,0.65,0.71,very_bullish,0.82,0.15,5,5,1.0,mixed,0,6,3,2,8,3,0.09999999999999998,1,1,0,1,1,1,0,1,1,0,0,1,1,0,0,1,0,1,0,0,0,1,0,0,0,0,0,0,0,1,1,1,0,0,0,0,1,1,"['Data Center segment revenue grew 38% YoY and 43% sequentially to a record $2.3B in Q4, with both server CPU and Data Center GPU setting quarterly and annual revenue records.', 'MI300X data center GPU revenue exceeded the $400M Q4 expectation, driven by faster-than-expected customer qualification and ramp; full-year 2024 GPU revenue guidance raised from >$2B to >$3.5B.', 'Client segment revenue rose 62% YoY to $1.5B, swinging from an operating loss of $152M a year ago to operating income of $55M.', 'Embedded segment design wins exceeded $10B in 2023, up more than 25% vs. 2022, underpinning long-term growth confidence despite near-term inventory headwinds.', 'Q4 non-GAAP EPS of $0.77 increased 12% YoY; full-year share repurchases of $985M with $5.6B remaining authorization.']","['Gaming segment revenue declined 17% YoY and 9% sequentially to $1.4B; management now expects annual Gaming revenue to decline by a significant double-digit percentage YoY in 2024 as the console cycle enters year 5 and customer inventory remains elevated. Q1 sequential decline expected to exceed 30%.', 'Embedded segment revenue fell 24% YoY and 15% sequentially to $1.1B; customers continue to work down inventory levels with demand expected to remain soft through H1 2024 and Q2 expected to be sequentially flattish vs. Q1.', ""Traditional (non-AI) server CPU market described as 'still mixed, especially into the first half of the year' with ongoing cloud optimization and cautious enterprise spending."", 'MI300 supply chain described as tight in H1 2024, with more capacity coming online in H2; execution risk remains on yield, testing time, and gross margin improvement for the GPU ramp.', 'Data Center GPU gross margins are currently below corporate average and accretive improvement is still in progress; Embedded segment margin headwind (44% segment margin) persists through H1 as high-margin Embedded revenue declines.']","['demand', 'inventory', 'macro', 'supply_chain', 'margins']","['ai', 'customer_wins', 'supply_chain', 'inventory', 'product_launch', 'guidance_beat', 'data_center', 'margin_expansion']",,,,,,,,,,,,0,0.7061068702290076,0.6666666666666666,0.85,,,,0.021612631689955863,0.1566281521386257,0.7842994608946259,0.03564043988118553,0.0,0.0,0.0,0.0,0.0,0.0035496173334943,0.0166378033604459,-0.0121382358789678,0.0193810003738035,0.1463552308545974,0.2084202781287114,-0.1790607255229821,-0.1396624594667095,1,1,train
AMD,Q1-2024,2024-04-30,0.72,0.6,0.672,bullish,0.82,0.2,5,5,1.0,raised,1,5,3,1,8,3,0.12,2,2,0,0,1,0,0,1,2,0,0,0,1,0,0,1,0,1,0,0,0,1,0,0,0,0,0,0,0,1,1,0,0,0,0,0,1,1,"['Data Center segment revenue hit a record $2.3B, up 80% YoY and 2% sequentially, driven by MI300X GPU ramp and double-digit server CPU growth', 'MI300 became the fastest-ramping product in AMD history, surpassing $1B in cumulative sales in less than 2 quarters; full-year Data Center GPU revenue outlook raised from $3.5B to $4B+', 'Client segment revenue of $1.4B, up 85% YoY, driven by Ryzen 8000 series; Client swung from a $172M operating loss a year ago to $86M operating income', 'Non-GAAP gross margin expanded 230 bps YoY to 52%, with Q2 guided at ~53%, reflecting continued Data Center mix shift', 'Data Center segment operating income surged 266% YoY to $541M (23% margin) vs. $148M (11%) a year ago, demonstrating strong operating leverage']","[""Gaming segment revenue collapsed 48% YoY and 33% sequentially to $922M; CFO guided Gaming to decline by 'significant double-digit percentage' in Q2, with H2 expected to be lower than H1"", 'Embedded segment revenue fell 46% YoY and 20% sequentially to $846M as customers continue inventory normalization; recovery now expected to be only gradual in H2', ""MI300 GPU gross margins currently below Data Center CPU (server) average and below corporate average; profitability improvement will 'take a while'"", 'Near-term supply constraints on MI300 (CoWoS, HBM) mean Q2 demand exceeds available supply; $4B full-year guide is not supply-capped but supply remains tight', 'Operating expenses rose 10% YoY to $1.7B as AMD aggressively invests in AI R&D and marketing, pressuring near-term operating margins even as revenue grows']","['demand', 'inventory', 'margins', 'supply_chain', 'margins']","['ai', 'customer_wins', 'supply_chain', 'inventory', 'enterprise_demand', 'product_launch', 'data_center', 'margin_expansion']",-0.03799999999999992,-0.030000000000000027,-0.050000000000000044,0.0,0.05000000000000002,0.0,0.0,0.0,1.0,0.0,0.020000000000000018,1,0.648854961832061,0.4444444444444444,0.7727272727272727,0.386,1.0,1.0,0.040126094693074155,-0.13614046009402958,-0.07950710722939902,0.030994456826566853,3.0,1.0,2.0,2.0,1.0,0.0037470260071128,0.0131004320626419,0.0311526430210546,0.0648089732295886,0.1028566191912652,0.1568585912098927,-0.1700672891841723,-0.081305958542674,1,1,train
AMD,Q2-2024,2024-07-30,0.78,0.62,0.716,very_bullish,0.82,0.18,5,5,1.0,raised,1,4,3,0,8,3,0.16000000000000003,2,1,0,1,1,0,0,2,2,0,0,0,1,0,0,1,0,1,0,0,0,1,0,0,0,0,0,0,0,1,1,0,0,0,0,1,1,0,"['Data Center segment revenue hit a record $2.8B, up 115% YoY, with MI300 GPU quarterly revenue exceeding $1B for the first time', 'Non-GAAP gross margin expanded 340 bps YoY to 53%, driven by higher Data Center revenue mix approaching 50% of total sales', 'Client segment revenue grew 49% YoY to $1.5B; segment swung from a $69M operating loss a year ago to $89M operating income', 'Data Center GPU full-year 2024 revenue outlook raised to >$4.5B from prior $4.0B guide given accelerating MI300 customer deployments', 'EPYC enterprise sell-through increased strong double-digit percentage sequentially with new customer wins at Adobe, Boeing, Industrial Light & Magic, Optiver, and Siemens; cloud instances up 34% YoY to 900+']","['Gaming segment revenue collapsed 59% YoY and 30% QoQ to $648M; semi-custom SoC demand expected to be lower in H2 vs H1 as console cycle enters year five', ""Embedded segment revenue down 41% YoY to $861M; recovery described as 'gradual' with only single-digit sequential growth expected in Q3"", ""Overall AI accelerator supply chain described as 'tight and will remain tight through 2025,' including HBM and CoWoS packaging constraints"", 'Operating expenses rose 15% YoY to $1.8B and guided to ~$1.9B in Q3, compressing operating leverage even as revenue grows', 'MI300 gross margin still below corporate average; accretion to corporate average is a longer-term target, not yet achieved']","['demand', 'demand', 'supply_chain', 'margins', 'margins']","['ai', 'customer_wins', 'supply_chain', 'enterprise_demand', 'product_launch', 'data_center', 'margin_expansion', 'm_and_a']",0.04399999999999993,0.06000000000000005,0.020000000000000018,0.0,-0.020000000000000018,0.0,0.0,0.0,0.0,0.0,0.040000000000000036,2,0.7290076335877863,0.7777777777777778,0.8181818181818182,0.4,1.0,1.0,-0.10103894518567369,-0.14653845810135746,-0.1358301805328137,0.03598975973256249,3.0,1.0,2.0,2.0,1.0,-0.0684800764085279,-0.0826412153549807,-0.0510581763904204,-0.1094268966370147,-0.0066978918571485,0.0069906547307052,0.091230464012151,0.1506783286006936,0,0,train
AMD,Q3-2024,2024-10-29,0.78,0.55,0.688,bullish,0.82,0.2,5,5,1.0,raised,1,4,2,0,8,3,0.22999999999999998,2,1,0,1,1,0,0,2,1,0,1,0,0,1,0,1,0,1,0,0,0,1,0,0,0,0,0,0,0,1,1,0,0,0,0,0,1,1,"['Data Center segment revenue hit a record $3.5B, up 122% YoY and 25% sequentially, with operating income more than tripling YoY to $1B (29% margin vs. 19% a year ago)', 'Data Center GPU (Instinct) revenue raised full-year 2024 outlook to exceed $5B, up from $4.5B guided in July and $2B at the start of the year', 'Total Q3 revenue of $6.8B was a record, up 18% YoY and 17% sequentially, with non-GAAP EPS of $0.92 up 31% YoY and 33% sequentially', 'Gross margin expanded 250 bps YoY to 54%, driven by favorable Data Center revenue mix now exceeding 50% of total revenue', 'Client segment revenue grew 29% YoY and 26% sequentially to $1.9B, driven by strong Zen 5 Ryzen processor demand across desktop and notebook; multiple large enterprise wins including AstraZeneca, Bayer, Mazda, Shell, Volkswagen']","['Gaming segment revenue collapsed 69% YoY and 29% sequentially to $462M as Microsoft and Sony reduced semi-custom channel inventory; operating income fell from $208M to just $12M', 'Embedded segment revenue declined 25% YoY to $927M with ongoing softness in industrial and communications end markets showing little near-term recovery', 'MI300/MI325X gross margins remain below corporate average, creating a structural drag as GPU revenue scales; management declined to provide a timeline to reach parity', ""Data Center GPU revenue described as 'lumpy' and dependent on a small number of large hyperscale customers, creating quarter-to-quarter revenue unpredictability"", 'Competitive gap perception: MI325X competes with H200 while NVIDIA begins ramping Blackwell; analysts pressed on whether AMD can close the generational lag before customers commit to next-gen NVIDIA infrastructure']","['demand', 'demand', 'margins', 'customer_concentration', 'competition']","['ai', 'customer_wins', 'supply_chain', 'inventory', 'enterprise_demand', 'product_launch', 'data_center', 'margin_expansion']",-0.028000000000000025,0.0,-0.06999999999999995,0.0,0.020000000000000018,0.0,0.0,0.0,0.0,0.0,0.06999999999999995,3,0.6641221374045801,0.5555555555555556,0.7692307692307693,0.159,0.5,0.0,0.07891494549357225,0.013225244665584945,0.15067832860069363,0.02456475430765195,2.0,0.0,1.0,2.0,1.0,-0.0108812399296871,-0.0304845127404722,-0.042569968975835,-0.0235531618858876,-0.1157120003025586,-0.0768506928578396,-0.2651117498302241,-0.2310229343902902,0,0,train
AMD,Q4-2024,2025-02-04,0.72,0.45,0.612,bullish,0.78,0.3,5,5,1.0,mixed,0,5,1,1,8,3,0.26999999999999996,2,1,1,1,0,0,0,2,0,0,1,1,0,0,1,1,0,1,0,0,0,1,0,0,0,0,0,1,0,1,1,0,0,0,0,0,1,0,"['Q4 revenue hit a record $7.7B, up 24% YoY; full-year revenue grew 14% to a record $25.8B', 'Data Center segment revenue grew 69% YoY to a record $3.9B in Q4, with full-year Data Center revenue nearly doubling (94% growth); Data Center AI revenue exceeded $5B for full year 2024', 'Client segment revenue grew 58% YoY to a record $2.3B in Q4; Client operating income surged to $446M (19% margin) from $55M (4% margin) a year ago', 'MI350 series silicon bring-up ahead of schedule — running large-scale LLMs within 24 hours of first silicon; production ramp pulled forward to mid-year from second half 2025', 'Record $14B of Embedded design wins closed in 2024, up more than 25% YoY; EPYC Turin launched with 540+ performance records across industry benchmarks']","['Gaming segment revenue declined 59% YoY to $563M in Q4 due to semi-custom inventory normalization at Microsoft and Sony; Q1 2025 guidance calls for a significant further sequential decline in Gaming', 'Embedded segment revenue declined 13% YoY to $923M; demand environment remains mixed with softness in industrial and communications markets recovering slower than expected', 'Data Center GPU revenue was below server CPU revenue growth in Q4 (GPU grew less than the 9% sequential Data Center segment average), and first-half 2025 GPU revenue is guided roughly flat vs. second-half 2024, implying a near-term air pocket ahead of MI350 ramp', 'Q1 2025 revenue guided to ~$7.1B, down ~7% sequentially, with Data Center, Client, and Embedded all expected to decline sequentially due to seasonality', ""Competitive intensity in server CPU market is increasing, with analysts flagging potential pricing aggression from Intel and growing custom silicon from hyperscalers threatening AMD's 50%+ share at major cloud customers""]","['demand', 'demand', 'execution', 'macro', 'competition']","['ai', 'customer_wins', 'supply_chain', 'enterprise_demand', 'product_launch', 'macro_headwinds', 'data_center', 'margin_expansion']",-0.07599999999999996,-0.06000000000000005,-0.10000000000000003,-0.039999999999999925,0.09999999999999998,0.0,0.0,0.0,-1.0,0.0,0.03999999999999998,3,0.5725190839694656,0.16666666666666666,0.6428571428571429,0.226,0.5,1.0,0.046684785114627925,-0.009367464802673253,-0.17054213975935872,0.029508842765635195,1.0,0.0,3.0,1.0,0.0,-0.0199917772419764,-0.0165163685281521,-0.0011657161206989,-0.0025890626729444,-0.0576177862019848,-0.1044549982545912,-0.0355203927789303,-0.1040085823024069,0,0,train
AMD,Q1-2025,2025-05-06,0.72,0.45,0.612,bullish,0.78,0.25,5,5,1.0,mixed,0,6,1,2,8,3,0.26999999999999996,2,1,1,0,0,1,0,1,1,2,0,0,0,0,0,1,0,1,1,0,1,0,1,0,0,0,1,0,0,1,1,0,0,0,0,0,0,0,"['Q1 revenue of $7.4B exceeded the high end of guidance, up 36% YoY; EPS of $0.96 up 55% YoY', 'Data Center segment revenue grew 57% YoY to $3.7B, driven by EPYC server CPU share gains and Instinct GPU ramp; operating income expanded to $932M (25% margin) vs. $541M (23%) a year ago', 'Client revenue grew 68% YoY to $2.3B with record client CPU ASPs; desktop channel sell-out up 50%+ YoY; Ryzen AI PC processor sales up 50%+ QoQ', 'Radeon 9070 Series launch set a first-week sell-out record, more than 10x higher than prior best Radeon launch, with strong ongoing demand', 'Returned $749M to shareholders via buybacks in Q1; $4B remaining in repurchase authorization']","['New U.S. export license requirement for MI308X shipments to China creates a $700M revenue headwind in Q2 and an estimated $1.5B full-year 2025 revenue impact', 'Q2 non-GAAP gross margin guided to ~43%, inclusive of ~$800M in inventory and related reserve charges tied to MI308 export controls', 'Data Center segment revenue expected to decline sequentially in Q2 due to MI308 China exclusion; GPU business will not grow YoY in Q2', 'Embedded segment revenue down 3% YoY and 11% QoQ; industrial inventory overhang persists with recovery expected only in H2 2025', 'Ongoing macro and trade policy uncertainty, including AI diffusion rules with a May 15 implementation date, creates longer-term TAM risk for AI accelerators']","['regulatory', 'margins', 'demand', 'inventory', 'regulatory']","['ai', 'customer_wins', 'margin_pressure', 'china_exposure', 'product_launch', 'buybacks', 'data_center', 'regulatory']",0.0,0.0,0.0,0.0,-0.04999999999999999,0.0,0.0,0.0,0.0,0.0,0.0,3,0.5725190839694656,0.16666666666666666,0.7857142857142857,0.219,0.25,4.0,0.026650065095273012,0.14995336159067896,-0.17472801048885334,0.06422276744884217,3.0,0.0,2.0,3.0,1.0,0.0063841059577569,0.0133518964701202,0.1258597968964221,0.1729772868152113,0.0900319033108969,0.1577321814944461,0.5877808795178223,0.7178157916302592,1,1,train
AVGO,Q1-2024,2024-03-07,0.72,0.6,0.672,bullish,0.82,0.25,5,5,1.0,reaffirmed,0,5,1,1,8,3,0.12,2,0,0,1,1,1,0,2,1,0,0,0,0,1,1,1,1,1,0,0,0,0,1,0,0,0,1,0,0,0,0,0,0,0,0,1,0,0,"['AI semiconductor revenue quadrupled YoY to $2.3B in Q1, and full-year AI revenue outlook raised from >$7.5B to >$10B (35% of semiconductor revenue vs. prior 25% guide)', 'Consolidated Q1 revenue of $12B, up 34% YoY; infrastructure software revenue up 153% YoY to $4.6B driven by VMware consolidation', 'Networking revenue grew 46% YoY to $3.3B on strong AI accelerator and Tomahawk 5 800G switch demand; FY24 networking growth outlook raised to >35% from prior 30% guide', 'Software bookings surged from <$600M to $1.8B sequentially in Q1 and expected to exceed $3B in Q2, with VMware VCF upsell strategy gaining strong traction among top 2,000 strategic customers', 'Adjusted EBITDA of $7.2B at 60% of revenue; $7.2B in share repurchases completed in Q1, eliminating ~7.7M AVGO shares']","['Broadband revenue declined 23% YoY to $940M in Q1; FY24 broadband outlook worsened to down ~30% YoY from prior guidance of down mid-teens YoY, with no recovery expected until late in the year', 'Server storage connectivity revenue fell 29% YoY to $887M; FY24 outlook revised to decline mid-20% range YoY vs. prior high-teens decline guide', 'Semiconductor gross margins compressed 190 bps YoY to ~67%, driven by AI accelerator product mix (HBM memory dilutes blended margins structurally)', ""Heavy customer concentration in AI ASIC business — only 2 hyperscale customers in production; a competitor based in Asia is publicly claiming potential share at Broadcom's largest customer"", 'Gross debt of $75.9B post-VMware acquisition with $30B in floating-rate debt at 6.6% weighted average coupon; $658M in restructuring/integration spend pressuring near-term free cash flow']","['demand', 'demand', 'margins', 'customer_concentration', 'execution']","['ai', 'margin_pressure', 'customer_concentration', 'enterprise_demand', 'buybacks', 'data_center', 'cloud', 'm_and_a']",,,,,,,,,,,,0,0.648854961832061,0.1111111111111111,0.7727272727272727,,,,0.08190782556062914,0.15078741552214514,0.5479674413519671,0.026976218336039318,0.0,0.0,0.0,0.0,0.0,-0.0110602184613799,-0.0119200164263225,-0.055349756974953,-0.0559476508345456,0.0057138552494517,0.0237190577900563,0.0325973563557309,0.0793986517822136,1,0,train
AVGO,Q2-2024,2024-06-12,0.82,0.7,0.772,very_bullish,0.88,0.1,5,5,1.0,raised,1,5,3,2,8,3,0.12,3,1,0,0,0,0,1,3,1,0,0,0,0,0,0,1,1,1,0,0,0,1,0,0,0,0,0,0,0,1,1,0,0,0,0,0,1,0,"['AI revenue surged 280% year-on-year to $3.1B in Q2, and full-year AI revenue guidance raised to over $11B', 'Consolidated Q2 revenue of $12.5B, up 43% YoY; organic (ex-VMware) revenue up 12% YoY', 'VMware ABV accelerated from $1.2B in Q1 to $1.9B in Q2; VMware spending run rate reduced to $1.6B/quarter from $2.3B pre-acquisition, targeting $1.2B post-integration — better than prior $1.4B plan', 'Networking revenue of $3.8B grew 44% YoY; full-year networking revenue growth guidance raised to 40% YoY from prior >35%', 'Infrastructure software operating margin at 64% ex-transition costs; VMware revenue on track toward $4B/quarter run rate with margins expected to converge to classic Broadcom software levels by FY2025']","['Broadband revenue declined 39% YoY to $730M; full-year broadband guidance revised to down high-30s% YoY, worse than prior guidance of down just over 30%', 'Server storage connectivity revenue down 27% YoY to $824M; full-year decline now guided ~20% YoY', 'Industrial resale down 10% YoY; full-year now expected down double-digit % vs. prior high single-digit decline guidance', 'Gross margins for semiconductor segment compressed ~370 bps YoY to ~67%, driven by higher mix of custom AI accelerators with attached HBM memory diluting blended margins', 'Free cash flow as % of revenue declined YoY due to higher cash interest expense from $74B gross debt (VMware acquisition) and higher cash taxes from Section 174 delay; $74B gross debt remains a significant balance sheet overhang']","['demand', 'demand', 'demand', 'margins', 'other']","['margin_expansion', 'ai', 'customer_wins', 'supply_chain', 'enterprise_demand', 'product_launch', 'data_center', 'cloud']",0.09999999999999998,0.09999999999999998,0.09999999999999998,0.06000000000000005,-0.15,0.0,0.0,0.0,1.0,0.0,0.0,1,0.8396946564885496,0.4444444444444444,0.9545454545454546,0.4,0.667,4.0,0.05832607198061046,0.11812984783887481,0.1939859019403618,0.02176416991391069,2.0,1.0,2.0,1.0,1.0,0.0327746199769218,0.0333830559024181,-0.0191624298586889,-0.0121264025914469,-0.0326481083996268,0.0120239280396803,-0.0374746092738806,0.0019264288360607,0,1,train
AVGO,Q3-2024,2024-09-05,0.82,0.65,0.752,very_bullish,0.85,0.15,5,5,1.0,raised,1,5,3,0,8,3,0.16999999999999993,1,1,0,1,2,0,0,2,1,1,0,0,0,0,0,1,1,1,0,0,0,1,0,0,0,0,0,0,0,1,1,0,0,0,0,0,0,1,"['Q3 consolidated net revenue of $13.1B, up 47% YoY; operating profit up 44% YoY', 'AI revenue raised to $12B for fiscal 2024, up from prior guidance of >$11B; Q4 AI revenue expected to grow 10% sequentially to >$3.5B', 'VMware annualized booking value (ABV) of $2.5B in Q3, up 32% QoQ; >80% of VMware bookings were for full-stack VCF product', 'Infrastructure software operating margin of 67% (69% ex-transition costs); VMware OpEx reduced to $1.3B in Q3 from $1.6B in Q2, on track to exceed $8.5B EBITDA target in FY25', 'Non-AI networking recovered 17% sequentially in Q3; non-AI semiconductor bookings up 20% in Q3 signaling broad cyclical recovery']","['Broadband revenue declined 49% YoY to $557M in Q3 and expected to remain down >40% YoY in Q4; recovery not expected until 2025', 'Semiconductor gross margins compressed ~270 bps YoY to ~68% due to higher mix of lower-margin custom AI accelerators', 'Free cash flow as % of revenue declined YoY due to higher cash interest expense from VMware acquisition debt ($72.3B gross principal) and higher cash taxes from delayed Section 174 reenactment', 'Industrial resales declined 31% YoY to $164M in Q3; still expected down ~20% YoY in Q4', '$4.5B tax liability from IP relocation back to the U.S. raised investor concern about potential asset sales or financial stress, though management characterized it as largely non-cash']","['demand', 'margins', 'other', 'demand', 'regulatory']","['margin_expansion', 'ai', 'customer_wins', 'inventory', 'enterprise_demand', 'product_launch', 'data_center', 'cloud']",-0.020000000000000018,0.0,-0.04999999999999993,-0.030000000000000027,0.04999999999999999,0.0,0.0,0.0,0.0,0.0,0.04999999999999993,2,0.7786259541984732,0.2777777777777778,0.8846153846153846,0.387,0.75,1.0,-0.03388522637021296,0.06183995572276002,0.08489391813777925,0.03326519005612015,3.0,2.0,0.0,1.0,0.0,0.0166871136817907,0.0278833137090315,0.1839488041469199,0.2240146619761696,0.2281555263814745,0.2821594307506105,0.1222595497618377,0.2483991362059474,1,1,train
AVGO,Q4-2024,2024-12-12,0.85,0.7,0.79,very_bullish,0.88,0.15,5,5,1.0,raised,1,4,3,0,8,3,0.15000000000000002,2,1,0,0,1,1,0,1,1,0,0,0,0,1,1,1,1,1,0,0,0,1,0,0,0,0,0,0,0,1,0,0,0,0,0,0,0,0,"['Q4 AI revenue grew 150% YoY to $3.7B; full-year AI revenue grew 220% YoY from $3.8B to $12.2B, representing 41% of semiconductor revenue', 'Consolidated Q4 revenue of $14.1B up 51% YoY; full-year revenue hit record $51.6B, up 44% YoY', 'VMware integration largely complete with operating margin reaching 70% exiting 2024, up from sub-30% pre-acquisition; on track to exceed $8.5B incremental adjusted EBITDA target ahead of 3-year schedule', 'Infrastructure software operating margin reached 72% in Q4 (73% ex-transition costs); ABV grew to $2.7B in Q4 from $2.5B in Q3, with over 4,500 of largest 10,000 customers signed up for VCF', 'Returned record $22.2B in cash to shareholders in FY2024 (up 45% YoY); announced 11% dividend increase to $0.59/share quarterly, the 14th consecutive annual dividend increase since 2011']","['Semiconductor gross margins compressed ~220 bps YoY to ~67% due to higher mix of lower-margin AI XPUs; management acknowledged gross margin dilution will continue as AI scales', 'Non-AI semiconductor revenue declined 23% YoY to $4.5B in Q4; industrial down 27% YoY with recovery not expected until H2 2025; broadband down 51% YoY', 'Free cash flow as % of revenue declined YoY due to higher cash interest expense from VMware acquisition debt ($69.8B gross principal), higher cash taxes, and delayed reenactment of Section 174', 'AI revenue growth is concentrated in only 3 hyperscale customers, with quarter-to-quarter variability expected as deployments come in large, lumpy chunks', 'Two additional hyperscale XPU customers are still in advanced development/tape-out phase with no confirmed revenue ramp timeline before 2027; software and testing readiness remain gating factors']","['margins', 'demand', 'other', 'customer_concentration', 'execution']","['margin_expansion', 'ai', 'dividends', 'enterprise_demand', 'product_launch', 'data_center', 'cloud', 'debt_reduction']",0.038000000000000034,0.030000000000000027,0.04999999999999993,0.030000000000000027,0.0,0.0,0.0,0.0,0.0,0.0,-0.019999999999999907,3,0.8664122137404581,0.6666666666666666,0.8571428571428571,0.43,0.6,2.0,0.059775912362191264,0.025195657006165995,0.08088846863060484,0.025528728131071838,4.0,0.0,1.0,4.0,1.0,0.1078297183365275,0.1120995990657254,0.0004838442045881,-0.0178381343136702,0.0407498698610222,0.0232414565764644,-0.0694853144255607,-0.127695639547287,1,1,train
AVGO,Q1-2025,2025-03-06,0.82,0.65,0.752,very_bullish,0.88,0.15,5,5,1.0,reaffirmed,0,5,1,1,8,3,0.16999999999999993,2,1,0,1,1,0,0,1,1,1,0,1,0,0,0,1,0,1,0,0,0,1,0,0,0,1,0,0,0,1,1,0,0,0,0,0,0,0,"['Q1 total revenue was a record $14.9B, up 25% YoY; adjusted EBITDA was a record $10.1B (68% of revenue), up 41% YoY — both above guidance of 66%', 'AI revenue of $4.1B in Q1, up 77% YoY, beating prior guidance of $3.8B on stronger-than-expected networking shipments to hyperscalers', 'Infrastructure software gross margin expanded to 92.5% from 88% a year ago; operating margin improved to 76% from 59% YoY, reflecting disciplined VMware integration', '~70% of the largest 10,000 VMware customers have adopted VCF full-stack subscription, up from a largely perpetual-license base; over 60% conversion to subscription complete', '4 additional hyperscalers now deeply engaged with Broadcom to develop custom AI accelerators (XPUs), expanding the pipeline beyond the 3 existing volume customers']","['Non-AI semiconductor revenue of $4.1B was down 9% sequentially on seasonal wireless decline; enterprise networking remains flattish in H1 FY25 as customers work through channel inventory; industrial resales down double digits in Q1 and expected down again in Q2', 'Free cash flow of $6B represented only 40% of revenue, pressured by ~$68.8B gross debt (VMware acquisition), high cash interest expense, and elevated cash taxes from Section 174 delay and corporate AMT', ""Tariff uncertainty on semiconductors flagged as unresolved; Hock noted it is 'too early to know where we all land' and suggested clarity may be 3–6 months away"", ""AI diffusion / export control rules expected in May raised by analysts; while Hock said 'no concerns,' he declined to confirm whether any XPU customers are outside the U.S., adding a layer of geopolitical opacity"", ""Q1 networking mix was an unusually high ~40% of AI revenue vs. a normalized ~30%; management flagged this as a 'temporary blip,' implying potential sequential mix headwind in coming quarters""]","['demand', 'other', 'macro', 'regulatory', 'margins']","['ai', 'customer_wins', 'enterprise_demand', 'product_launch', 'capex', 'data_center', 'margin_expansion', 'geopolitical']",-0.038000000000000034,-0.030000000000000027,-0.04999999999999993,0.0,0.0,0.0,0.0,0.0,-1.0,0.0,0.019999999999999907,3,0.7786259541984732,0.2777777777777778,0.8571428571428571,0.186,0.6,2.0,-0.09277054461378786,-0.19322935720505818,0.08060058735336728,0.034375003833171165,3.0,0.0,1.0,3.0,1.0,-0.0272727961645274,-0.0539085642020359,0.0257386112967534,0.0029749200100981,-0.0853997053633358,-0.2069838722314155,0.2269524608751316,0.270400056347079,0,0,train
AVGO,Q2-2025,2025-06-05,0.82,0.72,0.78,very_bullish,0.85,0.2,5,5,1.0,raised,1,5,3,1,8,3,0.09999999999999998,1,1,0,1,1,1,0,1,1,1,0,0,0,0,1,1,1,1,0,0,0,1,0,0,0,0,1,0,0,1,1,0,0,0,0,0,0,0,"['Q2 total revenue hit a record $15B, up 20% YoY, all organic growth with no acquisition benefit vs. prior year', 'AI semiconductor revenue reached $4.4B in Q2, up 46% YoY — 9th consecutive quarter of strong growth; AI networking surged 170%+ YoY and held at ~40% of AI revenue', 'Q2 adjusted EBITDA of $10B (67% margin), up 35% YoY and above 66% guidance; infrastructure software operating margin expanded to ~76% from 60% a year ago', 'VMware/VCF adoption: 87%+ of top 10,000 customers now on VCF, driving 25% YoY infrastructure software revenue growth to $6.6B, above $6.5B outlook', 'Repurchased $4.2B (~25M shares) of common stock in Q2 opportunistically; paid $2.8B in dividends']","[""Non-AI semiconductor revenue of $4B was down 5% YoY; industrial segment down sequentially; recovery described as 'slow' and 'close to the bottom'"", 'Q3 gross margin guided down ~130 bps sequentially due to higher XPU mix, which carries lower margins than the rest of the portfolio', ""Export control environment described as 'very dynamic' with Hock explicitly stating he cannot give comfort on future impact — 'rules are changing quite dramatically'"", 'Gross principal debt remains elevated at $67.8B post-quarter-end repayment; free cash flow as % of revenue continues to be pressured by VMware acquisition-related interest expense and higher cash taxes', ""XPU revenue described as 'lumpy' by analysts; networking outperformance in Q2 raised questions about whether XPU was softer than expected, creating visibility uncertainty on mix""]","['demand', 'margins', 'regulatory', 'other', 'execution']","['margin_expansion', 'ai', 'customer_wins', 'enterprise_demand', 'product_launch', 'buybacks', 'data_center', 'cloud']",0.028000000000000025,0.0,0.06999999999999995,-0.030000000000000027,0.05000000000000002,0.0,0.0,0.0,1.0,0.0,-0.06999999999999995,4,0.8549618320610687,0.5555555555555556,0.8571428571428571,0.329,0.8,0.0,0.07422411956651032,0.2990655843745498,0.45286468581429684,0.01980884398410939,3.0,0.0,2.0,3.0,1.0,-0.0116329322293153,-0.010731752473114,0.0107398483875156,0.0071679988278634,0.0833969877804408,0.1280690638611969,0.3169470146429656,0.4030839725337805,1,0,train
BLK,Q4-2023,2024-01-12,0.75,0.65,0.71,very_bullish,0.85,0.1,5,5,1.0,mixed,0,5,2,0,8,3,0.09999999999999998,1,0,0,1,1,1,0,1,1,0,0,1,0,1,1,0,0,0,0,0,0,1,0,0,0,0,1,0,0,1,0,0,0,0,0,1,0,0,"['Q4 total net inflows of ~$96 billion; November and December alone generated 6% annualized organic base fee growth, the best momentum since 2021', 'Industry-leading ETF net inflows of $186 billion in 2023, including $112 billion into bond ETFs and $70 billion from European iShares; #1 share of European ETF market where industry flows rose 70% YoY', 'Q4 EPS of $9.66, up 8% YoY; full-year EPS of $37.77, up 7% YoY; Q4 operating income of $1.7 billion, up 9% YoY', ""Announced acquisition of GIP — world's leading independent infrastructure manager with $100B+ client AUM — creating a $150B combined infrastructure platform, nearly doubling private markets management fees to over $1.5B and adding $400M+ in post-tax annual FRE at margins above 50%"", 'Returned over $4.5 billion to shareholders in 2023 via dividends and buybacks; Board declared 2% dividend increase to $5.10/share quarterly; targeting $1.5B in share repurchases in 2024']","['Full-year operating margin of 41.7% declined 110 bps YoY, pressured by negative market/FX impact on entry-rate revenue and elevated investment in people and technology', 'Full-year and Q4 retail net outflows of $8B and $9B respectively, driven by redemptions from liquid alternatives and flexible bond funds amid rising-rate sensitivity', 'Institutional index net outflows of $55B in 2023 driven by large client redemptions from low-fee equity strategies for cash needs or allocation shifts', 'Q4 restructuring charge of $61M and onetime compensation expense of $28M impacting ~3% of workforce; integration and transaction costs from GIP deal could weigh on near-term reported results', 'Uncertainty around timing of money market fund rotation into risk assets; historical data does not clearly support a large-scale re-risking cycle, and higher-for-longer rates could delay the anticipated $7T+ redeployment']","['margins', 'demand', 'customer_concentration', 'execution', 'macro']","['dividends', 'enterprise_demand', 'product_launch', 'buybacks', 'infrastructure', 'private_markets', 'margin_expansion', 'm_and_a']",,,,,,,,,,,,0,0.7061068702290076,0.35,0.85,,,,0.02142224610618193,0.05308901211611805,0.2652837043163241,0.01531686295834634,0.0,0.0,0.0,0.0,0.0,0.0005673166004365,-0.0049912900590632,-0.0194173630350067,0.0014909448136488,-0.0573321931257869,-0.0075564217551368,-0.1103405744331356,-0.0468270443240657,0,1,train
BLK,Q1-2024,2024-04-12,0.75,0.6,0.69,bullish,0.82,0.1,5,5,1.0,reaffirmed,0,4,0,0,8,3,0.15000000000000002,1,1,1,1,1,0,0,2,1,0,0,1,0,0,1,1,0,1,0,0,0,1,0,0,0,0,1,0,0,1,1,0,0,0,0,1,0,0,"['Record AUM of nearly $10.5 trillion, up $1.4 trillion or 15% YoY; long-term net inflows of $76 billion in Q1, representing ~40% of full-year 2023 flows in just one quarter', 'Q1 revenue of $4.7 billion increased 11% YoY; operating income up 17% YoY; EPS of $9.81 up 24% YoY', 'As-adjusted operating margin of 42.2%, up 180 bps YoY and 60 bps sequentially; AUM up $2.5 trillion over 18 months while headcount is flat or slightly lower', 'Bitcoin ETF (IBIT) launched in January became the fastest-growing ETF in history, gathering $14 billion of net inflows in Q1 and reaching nearly $20 billion AUM; active ETFs drove $9 billion of net inflows', 'iShares Europe holds ~30% market share of inflows, 2x the #2 player, with $850 billion AUM — larger than the next 5 players combined; technology services revenue up 11% YoY with ACV up 9% YoY']","['Institutional index net outflows of $13 billion concentrated in low-fee index equities as large clients rebalanced amid equity market appreciation; these episodic flows weigh on headline long-term flow totals', 'Cash management platform saw $19 billion of net outflows in Q1, including ~$14 billion in the last week of March ahead of Good Friday holiday, in line with seasonal institutional money market trends', 'Annualized effective fee rate was 0.3 bps lower QoQ due to relative outperformance of lower-fee U.S. equity markets, client preferences for lower-fee U.S. exposures, and lower securities lending revenue — creating ongoing fee rate pressure', 'GIP acquisition still pending regulatory approvals targeting Q3 2024 close; $3 billion of debt issued to fund cash consideration, adding balance sheet leverage ahead of close', 'Fixed income retail flows below industry proportionate pickup; yield curve inversion and 5% short-term rates keeping investors in cash, delaying reallocation to intermediate and longer-duration fixed income']","['demand', 'demand', 'margins', 'execution', 'macro']","['ai', 'customer_wins', 'enterprise_demand', 'product_launch', 'buybacks', 'data_center', 'margin_expansion', 'm_and_a']",-0.020000000000000018,0.0,-0.050000000000000044,-0.030000000000000027,0.0,0.0,0.0,0.0,0.0,0.0,0.050000000000000044,0,0.6755725190839694,0.2,0.9090909090909091,0.178,1.0,3.0,-0.0428306822982788,-0.075775687262155,-0.030876130500821386,0.01571290402602654,5.0,1.0,3.0,4.0,0.0,-0.0156340299137074,-0.0174577789182521,0.0056016535628754,-0.0037747587503986,0.0150184296608806,0.0523859499118999,-0.009977605985763,0.1133891920780016,1,0,train
BLK,Q2-2024,2024-07-15,0.75,0.65,0.71,very_bullish,0.85,0.1,5,5,1.0,reaffirmed,0,4,0,0,8,3,0.09999999999999998,1,1,1,1,1,0,0,1,0,0,0,1,0,1,2,1,0,1,0,0,0,1,0,0,0,0,1,0,0,1,1,0,0,0,0,1,0,0,"['Record AUM of $10.6 trillion at end of Q2 2024, with total net inflows of $82 billion ($150 billion excluding episodic client activity), representing 3% annualized organic base fee growth — highest second quarter in 3 years', 'Revenue of $4.8 billion up 8% YoY; operating income of $1.9 billion and EPS of $10.36 each up 12% YoY; operating margin of 44.1% expanded 160 bps YoY', 'ETF net inflows of $83 billion in Q2 and $150 billion in H1 2024 — best start to the year in iShares history, more than double H1 2023; BlackRock led the ETF industry in flows for H1 2024', 'Technology services ACV grew 10% YoY; tech services revenue up 10% YoY and 5% sequentially; 80% of new logo sales included multiple products; Preqin acquisition expected to increase current ACV dollars by ~15%', 'Aperio crossed $100 billion AUM milestone with 20%+ organic growth since acquisition ~3 years ago; bitcoin ETF gathered $18 billion in net inflows in its first 6 months, reaching nearly $20 billion']","['Total net inflows impacted by an approximately $20 billion active fixed income redemption from a single large insurance client linked to M&A activity, masking underlying flow strength', 'Institutional index net outflows of $35 billion concentrated in low-fee index equities, as several large clients outside the U.S. rebalanced amid record equity market levels', 'Technology services ACV growth of 10% is at the low end of the long-term low-to-mid-teens target range, with timing of large contract conversions uncertain', 'GIP acquisition still pending regulatory approval with expected Q3 2024 close; Preqin expected to close before year-end — integration execution risk across two simultaneous large acquisitions', 'Nearly $9 trillion sitting in money market funds at 5% yields, keeping many investors overweight cash and delaying re-risking flows into long-term asset classes that would benefit BlackRock']","['customer_concentration', 'demand', 'execution', 'execution', 'macro']","['ai', 'customer_wins', 'data_center', 'product_launch', 'buybacks', 'private_markets', 'margin_expansion', 'm_and_a']",0.020000000000000018,0.0,0.050000000000000044,0.030000000000000027,0.0,0.0,0.0,0.0,0.0,0.0,-0.050000000000000044,0,0.7061068702290076,0.35,0.7272727272727273,0.367,0.75,0.0,0.04147102613035614,0.06862655304793597,0.08512782289082255,0.008113732797671615,1.0,0.0,3.0,1.0,0.0,0.0106442704380788,-0.0033769024851604,0.0205041655015122,0.0008887335726646,0.0534633528596945,0.0160912843265463,0.1444373556108811,0.1820611911745739,1,1,train
BLK,Q3-2024,2024-10-11,0.82,0.65,0.752,very_bullish,0.88,0.12,5,5,1.0,reaffirmed,0,5,0,0,8,3,0.16999999999999993,1,1,0,1,2,0,0,1,1,0,0,0,0,0,1,1,0,1,0,0,0,1,0,0,0,0,1,0,0,1,1,0,0,0,0,1,0,0,"['Record quarterly net inflows of $221 billion, representing 8% annualized organic asset growth — highest net flows quarter ever', 'Q3 revenue of $5.2 billion, up 15% YoY, and operating income of $2.1 billion, up 26% YoY — both record quarterly levels', 'Operating margin expanded 350 basis points YoY to 45.8%, driven by operating leverage and variabilization of expenses', 'iShares ETF net inflows of $97 billion in Q3 and $248 billion YTD; fixed income ETF AUM crossed $1 trillion milestone', 'Aladdin ACV grew 15% YoY, consistent with long-term low-to-mid-teens target, including a large U.S. asset manager selecting Aladdin as its unified investment management platform']","['EPS of $11.46 grew only 5% YoY, significantly lagging 26% operating income growth, due to a 26% effective tax rate in Q3 2024 vs. a $215M discrete tax benefit in Q3 2023', 'Annualized effective fee rate declined approximately 0.4 bps sequentially due to relative outperformance of lower-fee U.S. equity markets and lower securities lending revenue', 'Integration execution risk from simultaneous GIP close (400 new employees, $116B AUM) and pending Preqin acquisition expected to close year-end 2024', 'GIP transaction required issuance of ~6.9 million shares of BlackRock common stock, with ~5 million additional shares deferred, creating dilution risk', 'Technology services revenue down 1% YoY due to prior-year eFront on-premises license renewal timing, creating a difficult comparable']","['other', 'margins', 'execution', 'other', 'demand']","['ai', 'customer_wins', 'data_center', 'product_launch', 'buybacks', 'private_markets', 'margin_expansion', 'm_and_a']",0.04200000000000004,0.06999999999999995,0.0,0.030000000000000027,0.01999999999999999,0.0,0.0,0.0,0.0,0.0,0.06999999999999995,0,0.7786259541984732,0.7,0.8846153846153846,0.265,0.5,0.0,0.04326854596454921,0.11878626655662217,0.21041145357448743,0.01205292952992086,1.0,0.0,3.0,1.0,1.0,0.0231774062598376,0.0154076721143792,0.0100645868885376,0.0088837199944376,0.0234734132026059,0.0450027028164319,0.0088054086810467,0.0266983172595567,1,1,train
BLK,Q4-2024,2025-01-15,0.82,0.65,0.752,very_bullish,0.88,0.1,5,5,1.0,raised,1,6,4,1,8,3,0.16999999999999993,2,1,1,0,1,0,0,0,2,1,0,1,0,0,1,1,0,0,0,0,0,1,0,0,0,0,1,0,0,1,1,1,0,0,0,1,0,0,"['Record full-year total net inflows of $641 billion, including $281 billion in Q4 alone — two consecutive record flow quarters in H2 2024', 'Full-year revenue of $20.4 billion, up 14% YoY; operating income of $8.1 billion, up 23%; EPS of $43.61, up 15%', 'Full-year as-adjusted operating margin of 44.5%, up 280 bps YoY; Q4 margin of 45.5%, up 390 bps YoY', 'Industry-leading ETF net inflows of $390 billion in 2024, including $41 billion into digital asset ETPs launched in 2024; Bitcoin ETP grew to over $50 billion AUM in under a year — largest ETF launch in history', 'Aladdin ACV grew 12% YoY (13% on constant currency basis); full-year technology services revenue of $1.6 billion, up 8%; signed some of the largest clients ever in 2024']","['HPS acquisition expected to close mid-2025, pending regulatory approvals, creating integration execution risk and near-term earnings dilution from ~2,300 new employees and higher G&A', 'Higher share count (6.9 million shares issued at GIP closing) and lower nonoperating income partially offset Q4 EPS growth; co-investment valuation losses of $7 million in nonoperating results', ""Steepening yield curve and 'higher for longer' rate environment creates uncertainty around timing of $10 trillion money market fund rotation into longer-duration fixed income and other asset classes"", 'Regulatory and safe harbor reform required before private markets can meaningfully enter U.S. DC/401(k) retirement channel — management explicitly flagged this as a prerequisite', 'Core G&A expense expected to grow mid- to high single digits in 2025 (excluding HPS), driven by GIP/Preqin consolidation and continued technology investment, pressuring near-term margins']","['execution', 'margins', 'macro', 'regulatory', 'margins']","['ai', 'customer_wins', 'enterprise_demand', 'product_launch', 'buybacks', 'guidance_beat', 'margin_expansion', 'm_and_a']",0.0,0.0,0.0,0.0,-0.01999999999999999,0.0,0.0,0.0,1.0,0.0,0.0,1,0.7786259541984732,0.7,0.7857142857142857,0.208,0.5,1.0,0.03305599872072107,-0.043104440629427976,0.026698317259556736,0.01827477061713282,3.0,0.0,2.0,3.0,1.0,-0.0007601684296763,0.0092797852063137,-0.0027649004247398,0.0248363376931743,-0.0514876354377273,-0.0179368378040711,-0.0080779482380062,-0.1156542774748053,0,0,train
BLK,Q1-2025,2025-04-11,0.65,0.55,0.61,bullish,0.8,0.15,5,5,1.0,reaffirmed,0,5,0,0,12,3,0.09999999999999998,1,1,1,0,2,0,0,1,2,0,0,1,0,0,1,1,0,0,0,1,0,1,0,0,0,0,1,1,0,1,0,0,0,0,0,1,0,0,"['Record AUM of $11.6 trillion; 6% organic base fee growth above the 5% through-the-cycle target, best start of year since 2021', 'Q1 revenue of $5.3B up 12% YoY; operating income up 14%; EPS of $11.30 up 15% YoY', 'ETF net inflows of $107B in Q1, annualizing ~10% above the record $390B full-year 2024; European ETF platform crossed $1T AUM with ~40% market share', 'Technology ACV grew 30% YoY (14% organically); Preqin added ~$20M to Q1 revenue and triples desktop reach to 300,000+ users', 'As-adjusted operating margin of 43.2%, up 100 bps YoY; $375M in share repurchases in Q1 with commitment to at least $375M/quarter for remainder of 2025']","['Institutional index net outflows of $46B concentrated in low-fee index equities drove headline net inflows down to $84B vs. $140B ex-episodic redemptions', 'Entering Q2 with base fees approximately 1% lower than Q1 due to market and FX headwinds in the second half of Q1', 'Sweeping U.S. tariff announcements and geopolitical uncertainty creating near-term macro headwinds; Larry Fink described tariff scope as beyond anything seen in 49 years of finance', 'Performance fees of $60M decreased YoY, primarily reflecting lower performance revenue from private markets and liquid alternatives', 'HPS acquisition still pending regulatory approval; targeted mid-2025 close carries execution risk and related transaction costs excluded from current guidance']","['demand', 'margins', 'macro', 'margins', 'execution']","['ai', 'etf', 'tariffs', 'enterprise_demand', 'product_launch', 'macro_headwinds', 'buybacks', 'infrastructure', 'private_markets', 'margin_expansion', 'geopolitical', 'm_and_a']",-0.14200000000000002,-0.16999999999999993,-0.09999999999999998,-0.07999999999999996,0.04999999999999999,0.0,0.0,0.0,-1.0,0.0,-0.06999999999999995,1,0.5534351145038168,0.1,0.7142857142857143,0.185,0.75,4.0,0.06826962665155589,-0.024076612819262433,-0.07540807442457464,0.036604039938281055,4.0,0.0,2.0,4.0,1.0,0.0011041044970472,-0.0016967051372157,0.0189496777660773,-0.0030675784916864,-0.003260530542325,0.0866453556581652,0.0612357603021227,0.222508529548113,0,1,train
C,Q4-2023,2024-01-17,-0.15,-0.1,-0.13,slightly_bearish,0.62,0.35,5,5,1.0,mixed,0,5,2,2,8,3,-0.04999999999999999,2,0,0,0,1,0,1,1,1,1,0,1,0,0,0,0,0,0,0,0,1,0,0,0,1,0,1,1,1,0,0,0,0,1,1,0,0,0,"['Services delivered a record year with revenues of $18.1 billion, up 16% YoY, with RoTCE of 20% for the full year; TTS cross-border transactions up 15% and client wins up 27% with win-loss rate above 80%', 'USPB revenues increased 14% to $19.2 billion for the full year, with every product up double digits in Q4; branded card interest-earning balances grew 13% and new account acquisition up 8%', 'Tangible book value per share grew 6% to $86.19 and CET1 ratio increased to 13.3%, approximately 100 bps above regulatory requirement of 12.3%, while returning $6.1 billion to shareholders via dividends and buybacks', 'Organizational simplification on track to generate over $1 billion in run-rate saves from net elimination of ~5,000 roles by end of Q1 2024; medium-term target of $2B–$2.5B net run-rate saves from 20,000 net headcount reduction', 'Investment banking revenues increased 27% YoY in Q4, driven by DCM and advisory; banking overall revenues up 22% in the quarter with improved pipeline and CEO confidence']","['Q4 net loss of $1.8 billion and EPS of -$1.16, driven by $1.7B FDIC special assessment, $1.3B reserve build for Argentina/Russia transfer risk, and ~$880M negative revenue impact from Argentine peso devaluation', 'Full-year revenues ex-divestitures of $77.1 billion missed guidance of $78B–$79B; markets revenues down 6% for the year with significant December slowdown in rates and FX', 'Wealth RoTCE of only 2.6% for full year on $7.1B revenue; banking RoTCE of -0.2% for full year; both businesses acknowledged as underperforming with significant work remaining', 'Card NCL rates expected to rise above pre-COVID levels and peak in 2024; branded card NCL rate guided to 3.5%–4.0% and retail services NCL rate to 5.75%–6.25% for full year 2024', 'Basel III endgame regulatory uncertainty constraining ability to commit to buyback cadence beyond quarter-to-quarter; ongoing transformation and regulatory consent order obligations continue to pressure expenses']","['macro', 'other', 'margins', 'demand', 'regulatory']","['regulatory', 'cost_cutting', 'macro_headwinds', 'buybacks', 'geopolitical', 'restructuring', 'layoffs', 'consumer_weakness']",,,,,,,,,,,,0,0.0648854961832061,0.1111111111111111,0.1,,,,-0.03964092565761457,0.022293105828850468,0.27049711774765295,0.012968695021451983,0.0,0.0,0.0,0.0,0.0,-0.0044441250568247,0.0080219741724774,0.0270431908837425,0.05126195214328,0.0351065348123242,0.0834182302006349,0.1003691466990237,0.1519589942132568,1,0,train
C,Q1-2024,2024-04-12,0.25,0.1,0.19,slightly_bullish,0.62,0.35,5,5,1.0,reaffirmed,0,4,0,0,8,3,0.15,3,0,0,0,0,0,1,2,1,2,0,0,0,0,0,0,0,0,0,0,1,0,1,0,1,0,1,1,1,0,0,0,0,1,1,0,0,0,"['Services revenue up 8% YoY with fees up 10%; TTS cross-border volumes up 9%, commercial card spend up 5%; Securities Services AUC/A up 11%; segment ROTCE of 24.1%', 'Investment Banking revenue grew 35% and overall Banking revenue grew 49% YoY, driven by near-record investment-grade DCM issuance and ECM pickup in convertibles', 'Organizational simplification complete: ~7,000 positions eliminated generating $1.5B annualized run-rate expense saves, with $2.0B–$2.5B cumulative saves targeted in medium term', 'CET1 ratio ticked up to preliminary 13.5%, approximately 120 bps (~$13B) above regulatory minimum of 12.3%; tangible book value per share grew to $86.67', 'U.S. Personal Banking revenue up 10% YoY; branded cards interest-earning balances up 10%; retail services revenues up 18%; USPB delivered sixth consecutive quarter of double-digit revenue growth in retail banking']","['USPB cost of credit rose 34% YoY to ~$2.2B driven by NCLs of $1.9B; Retail Services NCL rate of 6.32% came in above the high end of full-year guidance range and expected to remain above range in Q2', 'Wealth revenues declined 4% YoY with NII down 13% from lower deposit spreads and higher mortgage funding costs; ROTCE of only 4.6% well below medium-term target of 15%–20%', 'Transformation execution risk: management acknowledged intensifying efforts in automating regulatory processes and data related to regulatory reporting, signaling areas of lagging progress on consent order', 'Markets revenues down 7% YoY as lower volatility weighed on rates and currencies (down 21%); fixed income revenues declined 10%', 'Card late fee regulatory rule being implemented earlier than assumed, with potential NII headwind embedded in $80B–$81B guidance; persistent inflation and higher rates pressuring lower-FICO card customers']","['margins', 'demand', 'regulatory', 'demand', 'regulatory']","['margin_pressure', 'cost_cutting', 'macro_headwinds', 'buybacks', 'regulatory', 'restructuring', 'layoffs', 'consumer_weakness']",0.32,0.4,0.2,0.0,0.0,0.0,0.0,0.0,0.0,0.0,0.19999999999999998,0,0.22137404580152673,0.3333333333333333,0.18181818181818182,0.229,1.0,1.0,-0.031168871290460864,0.033240970432258266,0.15686644945208683,0.013442910495855857,2.0,1.0,2.0,1.0,0.0,-0.0244739976654371,-0.0262977466699818,0.0501893070705682,0.0408128947572941,0.0579606359888598,0.0953281562398791,0.0353487626163966,0.1587155606801613,1,0,train
C,Q2-2024,2024-07-12,0.15,-0.1,0.05,slightly_bullish,0.55,0.55,5,5,1.0,reaffirmed,0,5,0,0,8,3,0.25,2,0,0,0,1,1,1,1,1,2,0,1,0,0,0,0,0,0,0,0,1,0,1,0,1,0,1,1,1,0,0,0,0,1,0,0,0,0,"['Net income of $3.2B with EPS of $1.52 and RoTCE of 7.2%; total revenues up 4% YoY across all five core businesses', 'Investment banking fees up 63% YoY; Banking segment revenues up 38% driven by strong DCM, ECM and advisory activity with share gains across all three', 'Equities revenues up 37% YoY driven by strong derivatives performance including a gain on the Visa B exchange offer; prime balances up ~18%', 'Expenses down 2% YoY and 6% sequentially to $13.4B, generating positive operating leverage firm-wide; organizational simplification and stranded cost actions expected to drive $2B–$2.5B in annual run-rate saves over medium term', 'CET1 ratio at 13.6%, ~130 bps above current regulatory requirement; stress capital buffer reduced from 4.3% to 4.1%, lowering regulatory capital requirement to 12.1% as of October 1; dividend raised 6% to $0.56/share and $1B buyback planned for Q3']","['Federal Reserve and OCC issued civil money penalties ($136M total) and an amended consent order requiring a new resource review plan; Citi acknowledged falling behind on data quality management related to regulatory reporting, with scope of remediation work expanded beyond original plan', 'USPB RoTCE of only 1.9% for Q2; cost of credit surged to $2.3B driven by $1.9B in NCLs and ~$400M ACL build; multiple card loan vintages maturing simultaneously compounding credit losses; Retail Services NCL rate guided to high end of 5.75%–6.25% range', 'Lower-income and lower-FICO consumers showing sharper drops in payment rates and increased borrowing; only the highest income quartile has more savings than pre-2019, creating bifurcated credit performance', 'NII ex-markets down ~3% sequentially, pressured by FX translation, seasonally lower revolving card balances, lower Argentina interest rates, and assumed higher deposit betas outside the U.S.; CFPB late fee rule impact still embedded in forecasts', 'Buyback guidance limited to quarterly determinations due to Basel III endgame uncertainty; intercompany dividends from CBNA to parent require OCC nonobjection until resource review plan is approved, adding near-term capital flexibility uncertainty']","['regulatory', 'margins', 'demand', 'macro', 'regulatory']","['margin_pressure', 'enterprise_demand', 'cost_cutting', 'macro_headwinds', 'buybacks', 'regulatory', 'restructuring', 'consumer_weakness']",-0.14,-0.1,-0.2,-0.06999999999999995,0.20000000000000007,0.0,0.0,0.0,0.0,0.0,0.1,0,0.0916030534351145,0.2222222222222222,0.2727272727272727,0.268,0.75,1.0,0.007652625578992156,0.09097055544933008,0.07198955559594289,0.014316825044287121,1.0,0.0,3.0,1.0,0.0,0.0267683643121552,0.0326987794867199,0.0024270624943995,-0.0098249781528498,-0.0640091921230069,-0.0987178136987931,-0.0163886275398252,0.0189216255327293,0,1,train
C,Q3-2024,2024-10-15,0.42,0.1,0.292,slightly_bullish,0.65,0.45,5,5,1.0,reaffirmed,0,5,1,0,8,3,0.31999999999999995,3,0,0,0,1,0,1,0,1,1,0,1,0,0,2,0,0,0,0,0,1,1,0,0,1,0,1,1,0,0,0,0,0,1,0,1,0,0,"['Services delivered a record quarter with revenues up 8% YoY; Security Services up 24% on new mandates; TTS up 4%; Services RoTCE of 26.4% for the quarter', 'Investment banking fees up 44% YoY driven by debt capital markets, advisory, and ECM; Banking revenues up 16% overall with positive operating leverage for the third consecutive quarter', 'Equities revenues up 32% driven by prime balances up ~22%, derivatives, and cash volume; Markets delivered net income of ~$1.1B', 'Wealth revenues up 9% with client investment assets growing 24% and end-of-period client balances up 14%; Wealth RoTCE improved to 8.5% from near-zero earlier in the year', 'Expenses down 2% YoY to $13.3B driven by organizational simplification and stranded cost reductions; positive operating leverage achieved across all 5 businesses']","['Retail Services NCL rate expected to come in at the high end of the 5.75%-6.25% range for full year and likely higher in Q4; reserve-to-loan ratio elevated at ~11.7% for Retail Services portfolio', 'Amended consent order remains in place; data quality and regulatory reporting deficiencies cited as areas of delayed progress; Senator Warren publicly asked OCC to impose growth restrictions on Citi', 'NII ex-markets guided roughly flat sequentially in Q4 and slightly down for full year; headwinds from falling short-end rates on floating-rate assets and legacy franchise wind-downs', 'Banamex IPO timeline uncertain; Mexican judicial reform and deteriorating macro backdrop have pressured Mexican asset prices, with the largest Mexican bank trading at ~7x earnings', 'Full-year expenses expected at the higher end of $53.5B-$53.8B guidance range; year-to-date run rate implies ~$54B, creating a gap to the 2026 target of $51B-$53B']","['margins', 'regulatory', 'macro', 'execution', 'execution']","['enterprise_demand', 'cost_cutting', 'macro_headwinds', 'buybacks', 'margin_expansion', 'regulatory', 'restructuring', 'm_and_a']",0.242,0.27,0.2,0.09999999999999998,-0.10000000000000003,0.0,0.0,0.0,0.0,0.0,0.06999999999999995,0,0.3053435114503817,0.5555555555555556,0.46153846153846156,0.263,0.75,2.0,-0.009487745367549039,0.07278637689735112,-0.06459523032876047,0.021638780091565436,0.0,2.0,3.0,-2.0,-1.0,-0.0044438005204391,-0.0043579104183718,-0.0104970268236238,-0.0178987264020261,0.0511300990980165,0.070106583561724,0.2263260873218222,0.2560209096530781,1,0,train
C,Q4-2024,2025-01-15,0.35,0.05,0.23,slightly_bullish,0.65,0.45,5,5,1.0,mixed,0,5,1,1,8,3,0.3,2,0,0,1,1,1,0,0,2,1,0,1,0,0,1,1,0,0,0,0,1,1,0,0,0,0,1,1,0,1,1,0,0,1,0,0,0,0,"['Full year net income up nearly 40% to $12.7 billion; RoTCE improved over 200 bps to 7% for the year', 'Markets had its highest Q4 revenue in a decade, up 36% YoY; Equities up 26% for the year, a record; Banking fees up 42% for the full year with ~50 bps of share gained', 'Board authorized a $20 billion share repurchase program; returned nearly $7 billion in capital to common shareholders in 2024', 'Services delivered record full year revenues of $19.6 billion, up 9%, with RoTCE of 26%; gained share in both TTS and Security Services', 'Wealth Q4 revenue up 20%, pretax margin of 21%, net new investment asset inflows of $42 billion, up 40% YoY; Citigold Asia particularly strong']","['2026 RoTCE target cut to 10%-11% from prior 11%-12%, driven by elevated transformation and technology investment needs, particularly in data and regulatory reporting', 'Card net credit losses expected to creep toward the high end of guidance ranges: branded cards ~4%, retail services ~6.28%; provision builds expected to continue on volume growth', 'Expenses remain elevated; 2025 expenses guided to only slightly below $53.8 billion, with $600 million repositioning charge still embedded; path to sub-60% efficiency ratio pushed beyond 2026', 'Banamex IPO timeline uncertain, dependent on regulatory approvals and market conditions; could slip into 2026, delaying RWA release and capital benefit', 'Macro uncertainty around tariffs, tax policy, non-U.S. rate cuts, FX translation, and potential card late fee regulation create headwinds to NII and revenue growth']","['execution', 'margins', 'margins', 'regulatory', 'macro']","['ai', 'customer_wins', 'product_launch', 'macro_headwinds', 'buybacks', 'margin_expansion', 'regulatory', 'restructuring']",-0.06199999999999997,-0.07,-0.05,0.0,0.0,0.0,0.0,0.0,0.0,0.0,-0.019999999999999962,0,0.25190839694656486,0.4444444444444444,0.2857142857142857,0.247,1.0,3.0,0.06229645966720243,0.09575800322670314,0.19624415079749857,0.020608296380378668,1.0,3.0,1.0,-2.0,0.0,0.0088111217540556,0.0188510753900457,0.0102283126050326,0.0378295507229469,0.0518654929739461,0.0854162906076023,-0.0812151261925968,-0.188791455429396,1,1,train
C,Q1-2025,2025-04-15,0.45,0.3,0.39,bullish,0.65,0.3,5,5,1.0,reaffirmed,0,4,0,0,8,3,0.15000000000000002,2,1,0,0,1,1,0,1,1,0,0,2,0,0,1,0,0,0,0,1,0,1,0,0,0,0,1,1,0,0,0,0,0,0,0,1,0,0,"['Net income of $4.1B, EPS of $1.96, ROTCE of 9.1% on $21.6B revenues; positive operating leverage delivered for the firm and all 5 business lines', 'Markets revenue up 12% YoY; equities up 23% driven by derivatives and prime services (prime balances up ~16%); fixed income up 8%', 'Wealth revenue up 24% with record quarterly revenue; net new investment assets of $16.5B in the quarter and $56B+ over last 12 months (~11% organic growth)', 'M&A revenue nearly doubled (up 84% YoY); overall banking revenues up 12%; expenses declined 5% YoY driving positive operating leverage', 'Returned $2.8B in capital including $1.75B in buybacks — highest quarterly buyback since 2022 — as part of $20B repurchase program; tangible book value per share crossed $90; CET1 at 13.4%']","['Firm-wide net ACL build reflecting deterioration in macroeconomic outlook; CECL framework now incorporates 8-quarter weighted average unemployment of 5.1% with downside scenario averaging 6.7%, signaling meaningful macro stress assumptions', 'Cost of credit was $2.7B, primarily net credit losses in cards; card reserve-to-funded-loan ratio increased to 8.2% from 7.9%; NCL rates increased sequentially in both card portfolios', ""Prolonged tariff and trade war uncertainty causing clients to pause CapEx plans, stockpile inventories, and derisk — management acknowledged 'wait-and-see mode' and 'more negative macro outlook than anyone had anticipated'"", 'Retail Services revenues declined 11% YoY driven by higher partner payment accruals; ECM down 26% amid pullback in follow-ons and convertibles; All Other revenues declined 39% including impact of Mexican peso depreciation', 'Banamex IPO timing uncertain — regulatory approvals and market conditions could push IPO from 2025 into 2026; ongoing transformation investments still required with expenses expected to tick up in Q2']","['macro', 'margins', 'macro', 'demand', 'execution']","['tariffs', 'enterprise_demand', 'macro_headwinds', 'buybacks', 'margin_expansion', 'currency_fx', 'geopolitical', 'm_and_a']",0.16,0.10000000000000003,0.25,0.0,-0.15000000000000002,0.0,0.0,0.0,0.0,0.0,-0.14999999999999997,0,0.33969465648854963,0.6666666666666666,0.5,0.19,0.75,2.0,0.09460628044240971,-0.08021173805035264,-0.11870107706855648,0.04148599260534202,3.0,0.0,2.0,3.0,1.0,0.0170917512479922,0.0185185605353004,0.057577733463499,0.0975846484796185,0.0986856214550151,0.2290741929815671,0.3194452718892608,0.5168644018444695,1,1,train
FAST,Q4-2023,2024-01-18,0.2,0.1,0.16,slightly_bullish,0.62,0.2,5,5,1.0,mixed,0,3,1,1,8,3,0.1,1,1,0,0,1,0,0,1,1,0,0,1,1,0,1,0,0,0,0,0,0,1,0,0,1,1,0,1,0,1,1,0,0,0,0,0,1,0,"['Q4 daily sales grew 3.7% YoY, with December up 5.3%, outperforming historical sequential patterns', 'Q4 EPS of $0.46, up 8.4% from $0.43 in Q4 2022, driven by solid expense discipline', 'Record full-year operating cash flow of $1.43 billion, up 52% from 2022, driven by working capital reduction', 'Operating margin of 20.1% in Q4, up 50 bps YoY with 33% incremental margin despite soft growth environment', 'Warehousing end market grew ~45% in Q4 and ~60% in December, now representing 3%-4% of total sales vs. less than 1% pre-pandemic']","['Sub-50 PMI for 14 consecutive months since November 2022 continues to weigh on industrial end markets; manufacturing customers remain cautious and tight with spending', 'Fastener product line experienced contraction in both MRO and, for the first time this cycle, OEM products in Q4', 'Onsite signings of only 58 in Q4 and below-target pace for full year; Onsite sales growth only slightly ahead of company average, a notable deceleration', 'Shipping costs rising due to Red Sea/Suez Canal disruptions and low Panama Canal water levels; meaningful uptick in container costs observed in recent weeks', '2024 P&L faces headwinds from lapping lower 2023 bonus payouts and the end of branch-closure-related occupancy savings, requiring tighter expense discipline']","['macro', 'demand', 'execution', 'supply_chain', 'margins']","['dividends', 'customer_wins', 'supply_chain', 'product_launch', 'macro_headwinds', 'cost_cutting', 'capex', 'margin_expansion']",,,,,,,,,,,,0,0.1946564885496183,0.3,0.4,,,,0.07688660842283435,0.05875940906022992,0.14508977404026124,0.017733515490329917,0.0,0.0,0.0,0.0,0.0,0.0061059053024117,0.0082203840708179,-0.023879135841915,-0.0135563377230607,-0.0132962312396185,0.0164076097850656,-0.0495724847013852,-0.0199961064926257,0,1,train
FAST,Q1-2024,2024-04-11,0.1,0.15,0.12,slightly_bullish,0.58,0.2,5,5,1.0,mixed,0,3,0,1,8,3,-0.04999999999999999,1,1,0,1,1,0,0,2,2,0,0,0,0,0,1,0,0,0,0,1,0,0,1,0,0,1,0,1,0,1,1,0,0,0,0,0,1,1,"['FMI Technology signings reached 105 devices per day in Q1 2024, the first quarter ever exceeding the 100/day milestone, up from ~98/day average in 2023', 'Onsite active sites grew ~12% YoY with 102 signings in Q1, and customer expo attendance up 50% YoY with double the number of customers vs. last year, signaling strong pipeline momentum', 'Operating cash flow of $336 million in Q1 2024, representing 113% of net income conversion, with debt reduced to just 5.5% of total capital vs. 10.9% a year ago', 'Safety product sales grew 8.3% in Q1 2024, supported by strong FMI signings and healthy warehousing/fulfillment center demand', 'Gross margin down only 20 bps YoY to 45.5%, better than feared, with slightly positive price/cost and improved leverage on internal/external trucking resources as inventory rightsizing completed']","[""Total daily sales grew only 1.9% YoY in Q1 2024, well below management's ~4% expectation entering the quarter, driven by sluggish underlying industrial demand"", 'Fastener product line revenue declined 4.4% YoY, reflecting weak OEM/MRO demand and negative pricing, particularly tied to foreign steel index softness', 'Operating margin contracted 60 bps YoY to 20.6%, with SG&A rising to 24.9% of sales due to 3.9% labor cost growth including substantially higher healthcare costs', 'Q2 2024 operating margins expected to face an additional ~30 bps headwind from expanded customer expo costs and near-term investments to service new large customers at scale', 'Western U.S. business unit posted negative growth in Q1 while Eastern U.S. was positive, with Onsite signings skewed toward Eastern U.S., highlighting uneven execution post-reorganization']","['demand', 'demand', 'margins', 'margins', 'execution']","['customer_wins', 'supply_chain', 'margin_pressure', 'tariffs', 'inventory', 'product_launch', 'macro_headwinds', 'capex']",-0.04000000000000001,-0.1,0.04999999999999999,-0.040000000000000036,0.0,0.0,0.0,0.0,0.0,0.0,-0.15,0,0.15267175572519084,0.2,0.09090909090909091,0.151,1.0,3.0,-0.07037382075259258,-0.07148560710944019,0.11408652043732648,0.017137296156281553,1.0,1.0,1.0,0.0,0.0,-0.0025177444568115,-0.0150459672872753,-0.010166412125641,-0.0408799377830906,-0.0579977079612439,-0.0383051681509669,-0.1343482288706659,-0.031595004827057,0,0,train
FAST,Q2-2024,2024-07-12,0.1,-0.05,0.04,slightly_bullish,0.58,0.3,5,5,1.0,mixed,0,4,2,1,8,3,0.15000000000000002,0,0,0,2,2,0,0,1,2,0,0,1,0,0,1,1,0,0,0,0,0,0,1,1,0,0,0,1,0,1,1,0,0,0,0,0,1,1,"['Onsite signings of 107 in Q2 with active sites reaching 1,934, up 12% YoY, approaching 2,000 active Onsites', 'FMI Technology installed base grew to 119,000 weighted devices, up 11% YoY; 7,188 devices signed in Q2 (112/day vs. prior target of 100/day); ~42% of sales now flowing through FMI', 'eBusiness rose ~25% YoY driven by eProcurement; digital footprint reached 59.4% of sales, hitting 60% in June', 'Operating cash flow of $258M in Q2 2024 at 88% of net income, above historical Q2 conversion rates; debt reduced to 6.3% of total capital from 9.4% a year ago', 'National account contracts growing at low double digits with improved mix; core accounts per day up ~7% YoY in H1 2024 vs. down ~4% in H1 2023']","['Net sales grew only ~2% YoY and EPS fell 2% to $0.51 from $0.52; sub-50 ISM for 19 of the last 20 months creating persistent industrial headwind on 75% of revenue', 'Operating margin declined 80 bps YoY to 20.2%; gross margin down 40 bps to 45.1% due to product/customer mix and negative pricing of 30-60 bps including slippage in non-fastener/safety categories', ""Regional leadership reporting uptick in customer layoffs, shift reductions, and extended holiday shutdowns; customers 'throwing in the towel' on near-term and cutting costs, suggesting demand weakness may persist"", 'Pricing discipline flagged as insufficient in safety and other non-fastener product categories; price/cost turned nearly neutral vs. modestly positive in Q1 2024', 'Mature Onsites experiencing low-single-digit revenue declines as heavily manufacturing-weighted customer base contracts; uncertainty around July impact from Texas hurricane and extended holiday shutdowns']","['macro', 'margins', 'demand', 'margins', 'execution']","['ai', 'customer_wins', 'margin_pressure', 'supply_chain', 'inventory', 'product_launch', 'macro_headwinds', 'pricing_power']",-0.07999999999999999,0.0,-0.2,0.0,0.09999999999999998,0.0,0.0,0.0,0.0,0.0,0.2,0,0.08396946564885496,0.1,0.18181818181818182,0.214,0.75,2.0,0.03609866499875114,0.034297391475785366,-0.05809615993171269,0.011813062690438027,0.0,2.0,1.0,-2.0,-1.0,0.0117610370160248,0.0176914521905895,0.0188863060283731,0.0066342653811237,0.0188896717861026,-0.0158189497896835,0.1036589190016239,0.1389691720741785,1,1,train
FAST,Q3-2024,2024-10-11,0.25,0.35,0.29,slightly_bullish,0.65,0.15,5,5,1.0,mixed,0,4,1,0,8,3,-0.09999999999999998,0,1,1,1,1,0,0,3,2,0,0,0,0,0,0,0,0,0,0,0,0,0,1,0,0,1,0,1,0,1,1,0,0,0,0,0,1,1,"['FMI weighted device signings reached 7,281 in Q3, equivalent to 114 devices per day, up significantly from prior periods; FMI installed base growing better than 10% YoY', 'Onsite active sites up ~12% from end of Q3 2023; 93 Onsites signed in the quarter; national contract and regional contract signings growing better than 10% YoY', 'Digital footprint reached 61.1% of sales in Q3 2024, up from 57% a year ago and 49% two years ago; e-procurement growing 30%+', 'SG&A improved to 24.6% of sales from 25.0% a year ago, driven by supplier marketing credits, lower fuel costs, IT spending, bad debt and insurance leverage', 'Generated $297 million in operating cash flow in Q3 2024, representing 100% of net income; debt reduced to 6.3% of total capital from 7.0% a year ago']","['PMI has been sub-50 for 22 of the last 23 months; industrial production flattish with key Fastenal-exposed segments (machinery, fabricated metals) posting sustained monthly declines', 'Gross margin declined 100 bps YoY to 44.9% in Q3 2024, pressured by product/customer mix, higher import duties (Mexico, Canada), a non-recurring shipper rebate in Q3 2023, and lower supplier rebates from reduced purchasing activity', 'Reseller end market daily sales declined 11.3% in Q3 2024 vs. -6.4% in Q2 2024, suggesting channel destocking; ag, consumer durables, pulp/paper/lumber, and Boeing-related aerospace also called out as weak', 'FTE growth of 2.8% exceeded daily sales rate growth of 1.9%, and year-to-date SG&A up 2.8% vs. DSR up 1.9%, contributing to 60 bps of margin compression YTD', 'FASTStock average order value declined from $224 in January to $216 in September 2024, meaning customer spend-per-scan contraction is wiping out ~31% of volume growth from new customer additions']","['demand', 'margins', 'demand', 'margins', 'demand']","['customer_wins', 'margin_pressure', 'supply_chain', 'inventory', 'enterprise_demand', 'product_launch', 'macro_headwinds', 'capex']",0.24999999999999997,0.15,0.39999999999999997,0.07000000000000006,-0.15,0.0,0.0,0.0,0.0,0.0,-0.25,0,0.29389312977099236,0.6,0.38461538461538464,0.149,1.0,1.0,0.0946138256997684,0.10025776559313782,0.13896917207417858,0.022709813959705335,0.0,2.0,2.0,-2.0,-1.0,0.0106385491904253,0.0028688150449669,0.0152633939240842,0.0140825270299842,0.0729141513335309,0.0944434409473569,-0.0444280871187835,-0.0265351785402735,1,1,train
FAST,Q4-2024,2025-01-17,0.15,0.2,0.17,slightly_bullish,0.62,0.15,5,5,1.0,mixed,0,4,2,0,8,3,-0.05000000000000002,1,0,1,1,1,0,0,1,2,0,0,1,1,0,0,0,0,0,0,1,0,0,1,0,0,1,0,1,0,1,1,0,0,0,0,0,1,0,"['FMI technology touched ~44% of revenue in Q4 2024, up from 42% and 39% in prior 2 years; broke 100 MAU signings per day for the first time', 'Contract base grew double digits, including up 12% in December; monthly daily sales rate exceeded historical sequential in 3 of last 5 months', 'Industrial Services broke $100 million in revenue for the first time in 2024', 'Generated $1.2 billion in operating cash for full year 2024, or 102% of net income; raised quarterly dividend by ~10% to ~$1.72 annualized', 'E-procurement grew ~37.6% YoY; combined e-business and FMI technology touched ~62% of sales; Onsite signings of 358 in 2024 vs. 326 in 2023']","['Q4 2024 daily sales growth of only 2.1%; EPS of $0.46 down ~2% YoY; operating margin declined 120 bps to 18.9% due to slow growth deleverage and holiday shutdowns', 'Gross margin down 70 bps to 44.8% from product/customer mix, higher container costs on fasteners, and expedited shipments; SG&A up to 25.9% of sales from 25.3%', '35% of vending-equipped facilities effectively shut down over the holiday period in 2024 vs. 30% in 2023 and 25% in 2022, signaling deepening industrial economy weakness', ""PMI remained sub-50% throughout 2024; nonresidential construction down 4.1% and reseller down 11.3% in Q4; January start impacted by New Year's and winter storms forcing cancellation of 6% of truck routes through Jan 10"", 'Potential tariff headwinds on imported goods (particularly fasteners); accelerated ~$10M of inventory ahead of potential new tariffs, adding balance sheet risk']","['margins', 'margins', 'demand', 'macro', 'supply_chain']","['dividends', 'customer_wins', 'supply_chain', 'margin_pressure', 'tariffs', 'product_launch', 'macro_headwinds', 'capex']",-0.11999999999999997,-0.1,-0.14999999999999997,-0.030000000000000027,0.0,0.0,0.0,0.0,0.0,0.0,0.04999999999999996,0,0.20610687022900764,0.4,0.21428571428571427,0.206,0.5,0.0,0.06212486858505861,-0.026362960770536348,-0.01665913103443384,0.013983821161783525,1.0,2.0,1.0,-1.0,-1.0,-0.0120611895124463,-0.0064397214763572,-0.0195226349389661,-0.017085036283732,-0.0189442170094645,-0.0067891836814123,0.1995492970293761,0.0764850650726631,0,0,train
FAST,Q1-2025,2025-04-11,0.25,0.1,0.19,slightly_bullish,0.62,0.2,5,5,1.0,mixed,0,4,1,0,8,3,0.15,1,0,1,1,1,0,0,1,1,0,0,1,2,0,0,0,0,0,0,1,0,0,1,1,0,1,0,1,0,0,1,0,0,0,0,0,1,1,"['Daily sales rate grew 5% YoY in Q1 2025, the strongest DSR since Q2 2023, driven by self-help execution and contract signings', 'National, regional and government contract count grew at a double-digit rate for 12 consecutive months; healthy pace and mix of signings continued in Q1 2025', 'FMI device count reached ~130,000 across 25 countries, up 12.5% YoY; digital footprint expanded to 61% of total sales vs. 59% a year ago', 'On-site customer sites (>$50K/month) grew 7% YoY; safety sales grew nearly 10% in March driven by FMI execution', 'Dividend increased from $0.43 to $0.44/quarter, putting the company on track to pay over $1 billion in regular dividends for the first time in 2025']","['Operating margin declined 50 bps YoY to 20.1% in Q1 2025; gross margin fell 40 bps to 45.1% due to product/customer mix, higher third-party freight costs, and elevated hub vehicle lease costs', ""Significant tariff exposure: 145% total duty on non-steel China imports and 25% Section 232 on steel/derivative products (including fasteners globally); management acknowledged 'there is no silver bullet' and no way to cushion 145% tariffs"", 'End market demand remains sluggish; customer tone shifted from steady post-election improvement to plateauing as trade policy created caution; no meaningful pre-buying observed', 'Inventory up 11.9% YoY as company accelerated purchases ahead of tariffs; operating cash conversion was only 88% of net income, below typical Q1 levels; inventory growth may remain elevated throughout 2025', 'Fastener supply chain heavily concentrated in Asia with no scale North American manufacturing alternative; company found no viable domestic/Mexico substitute to satisfy fastener sourcing needs at scale']","['margins', 'macro', 'demand', 'supply_chain', 'supply_chain']","['customer_wins', 'margin_pressure', 'supply_chain', 'tariffs', 'inventory', 'macro_headwinds', 'capex', 'pricing_power']",0.01999999999999999,0.1,-0.1,0.0,0.05000000000000002,0.0,0.0,0.0,0.0,0.0,0.2,0,0.22137404580152673,0.5,0.39285714285714285,0.173,1.0,0.0,0.08357978240467712,0.09431399732663426,0.13227879086441385,0.02736376134700216,0.0,3.0,1.0,-3.0,-1.0,0.007105718686951,0.004304909052688,0.023739219878839,0.0017219636210752,-0.0942872545771055,-0.0043813683766152,-0.033457307944277,0.1278154613017132,0,1,train
FDX,Q3-2024,2024-03-21,0.52,0.45,0.492,bullish,0.72,0.2,5,5,1.0,mixed,0,5,0,2,8,3,0.07,0,2,0,0,0,1,1,1,2,0,0,1,0,1,0,0,0,0,0,0,0,1,0,0,1,1,1,1,0,1,0,0,0,1,0,0,1,0,"['Adjusted operating income increased 16% YoY and adjusted operating margin expanded 90 bps at the enterprise level, despite a 2% revenue decline — third consecutive quarter of operating income growth and margin expansion.', 'Ground adjusted operating income increased $120M with adjusted operating margin expanding 140 bps; ground cost per package was flat YoY despite inflationary environment.', 'DRIVE delivered $550M in benefits in Q3, with $290M in surface network, $110M in air/international, and $150M in G&A; on track for $1.8B full-year savings.', 'Completed $1B accelerated share repurchase in Q3, bringing 9-month total to $2B; Board authorized a new $5B share repurchase program on top of $600M remaining under prior authorization.', 'CapEx guidance reduced to $5.4B for full year, down over $700M from last year and $300M below prior forecast of $5.7B, reflecting reduced capital intensity.']","['Express revenue declined 2% YoY driven by volume softness, lower fuel/demand surcharges, and a mix shift toward lower-yielding deferred and e-commerce products; international export yield pressure of $800M embedded in full-year bridge.', ""Weakness in global trade continues to constrain international demand, which has 'remained challenged for longer than expected,' requiring ongoing proactive air network realignment."", 'Express experienced over $200M of inflationary cost pressure on a YoY basis in Q3, partially offset by DRIVE savings and headcount management.', 'USPS contract (expiring September 29) represents a volume and revenue headwind; service obligations remain fixed despite reduced volumes, creating a structural drag until a new contract is finalized.', ""European B2B environment remains challenged; FedEx is taking a 'fresh look' at additional opportunities to improve the European business, signaling ongoing underperformance in the region.""]","['margins', 'demand', 'margins', 'customer_concentration', 'macro']","['supply_chain', 'product_launch', 'cost_cutting', 'macro_headwinds', 'buybacks', 'capex', 'margin_expansion', 'restructuring']",,,,,,,,,,,,0,0.4351145038167939,0.6666666666666666,0.6153846153846154,,,,0.03647335265445184,0.1026482079689024,-0.04932018965113372,0.009373386478176628,0.0,0.0,0.0,0.0,0.0,-0.0033926435746426,-0.0061553951057944,-0.0165598443350875,-0.0147371024589318,-0.014357373043118,-0.0442109713224678,-0.1375445649973014,-0.092877462942169,0,0,train
FDX,Q4-2024,2024-06-25,0.62,0.38,0.524,bullish,0.75,0.45,5,5,1.0,raised,1,5,4,0,8,3,0.24,1,2,0,0,0,1,1,1,2,0,0,0,0,0,1,0,0,0,0,0,0,1,0,0,1,0,1,0,0,1,0,1,0,1,0,0,1,0,"['Full year adjusted EPS up 19% YoY, delivered towards the higher end of original guidance range despite revenue down ~3% (~$2.5B)', 'Ground delivered highest adjusted operating income in company history for both Q4 and full year; Q4 adjusted operating margin expanded 130 bps with operating income up $133M YoY', 'Achieved $1.8B DRIVE structural cost savings target in FY24, one year ahead of the $4B FY25 cumulative target; CapEx-to-revenue target of <6.5% also hit one year early', 'Returned nearly $4B to stockholders in FY24, including $2.5B in share repurchases ($500M above plan) and a 10% dividend increase; adjusted free cash flow of $4.1B, up ~$500M YoY', 'ROIC improved 120 bps to 9.9%; Freight Q4 operating income up $58M with margins up 220 bps despite soft demand environment']","['USPS contract expiration on September 29 creates a $500M operating profit headwind in FY25, concentrated in Q2 with mitigation efforts ramping in Q3+', 'International export yield pressure of $400M expected in FY25 as pandemic-era demand surcharges diminish and mix shifts toward deferred services; increased global air cargo capacity adding further pressure', 'Express adjusted operating income fell $92M and margins declined 90 bps in Q4, pressured by lower international yield, higher purchased transportation costs from Tricolor launch, and incentive comp headwinds', 'Two fewer operating days in FY25 vs FY24 reduces profitability by ~$300M — a calendar dynamic not seen since FY2001', 'Network 2.0 and One FedEx integration carry execution risk; analysts explicitly raised historical precedent of failed network integrations (e.g., TNT) as a concern']","['demand', 'margins', 'margins', 'other', 'execution']","['dividends', 'supply_chain', 'product_launch', 'cost_cutting', 'buybacks', 'guidance_beat', 'margin_expansion', 'restructuring']",0.03200000000000003,0.09999999999999998,-0.07,0.030000000000000027,0.25,0.0,0.0,0.0,1.0,0.0,0.16999999999999998,1,0.4847328244274809,0.7777777777777778,0.5714285714285714,0.181,0.5,2.0,0.030882357717379794,0.03406650715551618,-0.08772175220109424,0.013040104836107092,3.0,0.0,1.0,3.0,1.0,-0.0040073670304655,-0.0024307291909518,-0.0192803359257234,-0.0083729631988733,0.0152975262738244,0.0133361252835619,-0.1532656763643397,-0.1050933984351104,1,0,train
FDX,Q1-2025,2024-09-19,-0.15,-0.3,-0.21,slightly_bearish,0.55,0.4,5,5,1.0,mixed,0,5,0,3,8,3,0.15,1,0,0,0,1,1,2,1,2,0,0,1,0,0,1,0,0,0,1,0,0,0,1,0,1,0,1,1,0,1,0,0,0,1,0,0,1,0,"['Achieved $390 million of DRIVE-related cost savings in Q1, broken down as ~$90M surface, $160M air/international, $140M G&A', 'International export package volumes increased 9% YoY in Q1, driven by International Economy, with continued strength in Asia export market', 'Completed $1 billion in stock repurchases in Q1 and plans to repurchase an additional $1 billion in Q2', 'Network 2.0 markets showing ~10% reduction in pickup and delivery costs with service levels meeting or exceeding network average', 'FedEx Freight revenue per shipment up 2% YoY, demonstrating continued focus on revenue quality in a challenging LTL environment']","['Q1 adjusted operating profit declined $382 million YoY; EPS guidance range narrowed and top end cut from $22 to $21, reflecting weaker-than-expected demand', 'U.S. Postal Service contract termination creates ~$500 million full-year headwind beginning in Q2, with daytime flight hours reduced ~60%', ""International export yield pressure now expected to be a $500 million headwind for FY '25, up $100 million from prior expectations, due to mix shift to lower-yielding deferred services and reduced demand surcharges"", 'Weakness in industrial economy pressured B2B volumes; U.S. Manufacturing PMI fell to 47.9, lowest reading of the year, with no significant recovery assumed for remainder of calendar 2024', 'Purchase transportation expense at Federal Express increased $124 million YoY, driven by International Economy volume growth and commercial air linehaul capacity investment for Tricolor']","['demand', 'execution', 'margins', 'macro', 'margins']","['margin_pressure', 'supply_chain', 'product_launch', 'macro_headwinds', 'cost_cutting', 'buybacks', 'china_exposure', 'restructuring']",-0.734,-0.77,-0.6799999999999999,-0.19999999999999996,-0.04999999999999999,0.0,0.0,0.0,-1.0,0.0,-0.09,1,0.03816793893129771,0.1111111111111111,0.14285714285714285,0.269,0.75,2.0,0.050314689303208926,0.0465323680678742,0.20193666927996956,0.01062653299502334,1.0,3.0,1.0,-2.0,0.0,0.0137987474729728,0.0162975721343112,0.0450325813933447,0.0506990257478925,0.0285815855434208,0.055647065573597,0.0573528093403756,0.0887649650754816,1,1,train
FDX,Q2-2025,2024-12-19,0.15,0.05,0.11,slightly_bullish,0.62,0.25,5,5,1.0,lowered,-1,5,0,2,8,3,0.09999999999999999,1,1,0,0,1,1,1,1,2,0,0,1,0,0,1,0,0,0,0,1,0,0,1,0,1,0,1,1,0,1,0,0,0,1,0,0,1,0,"['Federal Express adjusted operating income grew $146M YoY on essentially flat revenue, with adjusted operating profit up 13% YoY, demonstrating strong cost transformation progress', ""DRIVE savings of $540M in Q2, on track to deliver $2.2B in incremental savings for FY'25 and $4B total by end of FY'25 vs. FY'23 baseline"", 'International export package volumes increased 9% YoY; International Priority freight average daily pounds up 10% and international economy freight up 5%, signaling early Tricolor strategy progress', ""Completed $1B in share repurchases in Q2, bringing YTD total to $2B with an additional $500M planned for H2 FY'25"", ""Nonstandard surcharges generating over $180M annualized YoY benefit from new AI image capture process; dimensional pricing at Charles de Gaulle hub expected to deliver $50M+ operating income benefit in FY'25""]","[""FY'25 adjusted diluted EPS guidance cut to $19–$20 from prior $20–$21, driven by weaker-than-expected industrial economy and revenue shortfall; revenue net-of-cost headwind widened to $700M from prior $100M estimate"", ""FedEx Freight operating profit down $179M YoY in Q2; average daily shipments down 8% and weight per shipment down 3% due to soft industrial economy; revenue expected to decline slightly in H2 FY'25"", 'U.S. Postal Service contract expiration creating ~$500M full-year operating profit headwind, with Q3 impact expected to be the largest before easing in Q4', 'U.S. manufacturing PMI in contraction for 24 of the past 25 months — the second longest downturn in U.S. history — suppressing B2B volumes which represent ~60% of FEC revenue and ~90% of LTL revenue', ""Competitive pricing environment pressuring base rates and yields in both parcel and LTL; international export yield pressure estimated at $300M headwind for FY'25""]","['demand', 'margins', 'execution', 'macro', 'margins']","['margin_pressure', 'supply_chain', 'tariffs', 'product_launch', 'macro_headwinds', 'cost_cutting', 'buybacks', 'restructuring']",0.32,0.3,0.35,0.06999999999999995,-0.15000000000000002,0.0,0.0,0.0,-1.0,0.0,-0.05,0,0.13358778625954199,0.2222222222222222,0.17857142857142858,0.281,1.0,1.0,-0.0275299115465375,-0.053971364306359515,0.0887649650754816,0.015967953953637676,1.0,3.0,1.0,-2.0,-1.0,-0.030359921934398,-0.0243715987979035,0.0224374470620348,0.0174809757922118,-0.037301931469064,-0.0088490692716186,-0.076174449155265,-0.111443965071038,0,0,train
FDX,Q3-2025,2025-03-20,0.2,0.05,0.14,slightly_bullish,0.62,0.3,5,5,1.0,lowered,-1,5,0,3,8,3,0.15000000000000002,0,1,0,1,1,1,1,1,1,0,0,2,0,0,1,0,0,0,0,1,0,0,1,0,1,0,0,1,0,1,1,0,0,1,0,0,1,0,"['Q3 adjusted operating income grew 12% YoY, with Federal Express segment up 17% despite USPS contract expiration headwind of $180M and ~$70M severe weather impact', 'DRIVE savings reached $600M in Q3, up from $540M in Q2 and $390M in Q1, on track to hit $2.2B incremental FY25 target and $4B total vs FY23 baseline', 'Federal Express package volumes grew 5% YoY — highest year-over-year ADV growth since Q4 FY21 — with Ground volumes up 7% and international export packages up 8%', 'Onboarding nearly $400M in new annualized healthcare revenue over next 90 days, exiting FY25 with ~$9B in healthcare revenue; 75% tied to bundled FedEx Surround customers', 'Returned $2.5B in share repurchases YTD, on track for $3.8B total shareholder returns in FY25 including dividends; CapEx reduced to $4.9B from $5.2B last year']","['FY25 adjusted EPS guidance cut to $18.00–$18.60 from prior $19.00–$20.00 range, citing B2B weakness, inflationary cost pressures, and global trade policy uncertainty', 'FedEx Freight operating profit declined $80M YoY in Q3; LTL average daily shipments down 5% and weight per shipment down 3% due to soft U.S. industrial economy, with headwinds expected to continue in Q4', 'Revenue net-of-costs headwind now projected at $1.1B for FY25, $400M worse than prior forecast, driven by international export yield pressure and greater-than-expected demand shift to lower-yielding deferred services', 'Inflationary pressures on cost base — including PT costs during peak and employee wages — higher than previously planned and described as persistent going forward', 'Uncertainty around global trade policy, tariffs, and potential de minimis rule changes creating demand visibility challenges, with management noting no significant pull-forward but acknowledging APAC volatility in late February/early March']","['execution', 'demand', 'margins', 'macro', 'macro']","['customer_wins', 'supply_chain', 'margin_pressure', 'tariffs', 'product_launch', 'cost_cutting', 'macro_headwinds', 'restructuring']",0.030000000000000013,0.05000000000000002,0.0,0.0,0.04999999999999999,0.0,0.0,0.0,0.0,0.0,0.05000000000000003,-1,0.17557251908396945,0.3333333333333333,0.14285714285714285,0.336,1.0,1.0,0.021703167533750012,-0.07237446013680493,-0.1266036861611649,0.01832975134260665,2.0,2.0,0.0,0.0,-1.0,0.0341472132927243,0.0520556570676455,0.0641597480805855,0.0494073359855145,-0.038029966112436,-0.1031563962029737,-0.0656297144632316,0.0016495206719653,0,1,train
FDX,Q4-2025,2025-06-24,0.35,0.2,0.29,slightly_bullish,0.65,0.3,5,5,1.0,mixed,0,5,1,0,8,3,0.14999999999999997,1,1,0,0,0,1,2,2,0,0,0,2,0,0,1,0,0,0,1,1,0,0,0,0,1,0,1,1,0,1,0,0,0,1,0,0,1,0,"[""Delivered $2.2B in DRIVE structural cost reductions in FY'25, achieving the 2-year $4B DRIVE target vs. FY'23 baseline"", ""Adjusted EPS of $18.19 for FY'25, achieving 2 consecutive years of earnings growth despite 2 fewer operating days, USPS contract expiration, and freight softness"", ""Returned $4.3B in cash to stockholders in FY'25, exceeding prior $3.8B commitment; $3B in share repurchases alone; dividend increased 5% for FY'26 (5th consecutive annual increase)"", ""CapEx reduced ~$1.1B YoY to $4.1B in FY'25, lowest capital spending in over 10 years and lowest CapEx as % of revenue (4.6%) since FedEx Corp was established in FY'98; adjusted free cash flow conversion from net income ~90%"", 'Federal Express adjusted operating income grew 9% on just 1% revenue growth in Q4; consolidated adjusted operating income up 8% with margin expansion of 60 bps despite $165M headwind from 1 fewer operating day and $120M USPS contract headwind']","[""China-to-U.S. lane (~2.5% of consolidated revenue, most profitable intercontinental lane) experienced material headwind in Q4 due to escalating trade barriers; de minimis policy changes cited as the primary driver; expected to remain pressured in Q1 FY'26 with $170M operating income headwind from international export"", ""USPS contract expiration creates ~$120M operating income headwind in Q1 FY'26 and ~$570M of idiosyncratic revenue headwinds in Q1 combined with trade disruption; headwind limited to first 4 months of FY'26 but will skew typical seasonality"", 'B2B volumes remain persistently weak with no marked improvement in the industrial economy, pressuring FedEx Ground commercial, Express base, and FedEx Freight; FedEx Freight operating income fell $30M YoY in Q4 with margin down 40 bps', 'Global trade policy volatility is highly unpredictable; management declined to provide full-year EPS guidance citing inability to forecast tariff outcomes over next 30-60 days; Q1 revenue guided only flat to +2%', ""Network 2.0 financial returns not expected to be material until end of FY'27, creating a multi-year lag between investment and payoff; $700M of FY'26 CapEx allocated to Network 2.0 with costs to implement changes in each market before savings flow through""]","['macro', 'demand', 'demand', 'macro', 'execution']","['supply_chain', 'tariffs', 'product_launch', 'cost_cutting', 'macro_headwinds', 'buybacks', 'china_exposure', 'restructuring']",0.14999999999999997,0.14999999999999997,0.15000000000000002,0.030000000000000027,0.0,0.0,0.0,0.0,1.0,0.0,-5.551115123125783e-17,-1,0.29389312977099236,0.5555555555555556,0.14285714285714285,0.25,1.0,0.0,0.018616873100471665,0.055672835595166115,-0.046749087004812506,0.01258953845497355,3.0,0.0,2.0,3.0,0.0,-0.0120130520346749,-0.0041891699819526,0.0552509655204669,0.0772072097732035,0.0461147343206791,0.0954955253063341,-0.0322552059499272,0.0596753574770485,1,0,train
GS,Q4-2023,2024-01-16,0.52,0.38,0.464,bullish,0.72,0.32,5,5,1.0,mixed,0,5,3,0,8,3,0.14,2,0,0,0,1,1,0,1,1,1,0,0,0,0,2,0,0,0,1,0,1,1,0,0,0,0,1,1,0,0,0,0,0,0,0,1,0,1,"['Record total financing revenues across FICC & Equities grew at 15% CAGR since 2019 to nearly $8 billion in 2023; Q4 FICC financing hit a record $739M', 'Total AUS reached a record $2.8 trillion, representing 24th consecutive quarter of long-term fee-based net inflows; alternatives AUS at $295B', 'Surpassed $225B alternatives fundraising target one year ahead of schedule, reaching over $250B since 2020 Investor Day; guided to $40-50B in new alternatives raises for 2024', 'Full-year management and other fees of $9.5B on track to hit $10B target in 2024; alternatives management fees of $2.1B already surpassed $2B 2024 target', 'Returned $1.9B to shareholders in Q4 including $1B in buybacks at avg $311/share; achieved $600M run-rate payroll efficiency goal']","['Full-year ROE of ~8% reported (10% adjusted for charges) well below mid-teens target; $2.8B reduction to net earnings from strategic exits and FDIC special assessment of $529M', 'FICC intermediation revenues down 24% YoY in Q4 to $2B, with activity particularly quiet in late November and December; full-year GBM revenues down 8%', 'Basel III Endgame regulatory uncertainty constraining capital return posture; CET1 at 14.5% but management cautious on buybacks pending rule resolution', 'CRE wholesale loan provisions driven by impairments roughly half related to CRE; office exposures marked at roughly 50% on prior calls', 'Platform Solutions consumer drag expected to persist into 2024, though materially reduced; Apple card partnership exit timeline and financial impact remain unquantified']","['execution', 'demand', 'regulatory', 'margins', 'execution']","['china_exposure', 'inventory', 'enterprise_demand', 'macro_headwinds', 'buybacks', 'margin_expansion', 'regulatory', 'm_and_a']",,,,,,,,,,,,0,0.40458015267175573,0.1,0.6,,,,-0.021627363900557306,0.04885166742595759,0.24013569964643255,0.015280390722453444,0.0,0.0,0.0,0.0,0.0,-0.0096086530792834,-0.0007159209878927,-0.0218513012460066,0.0058858191880426,-0.0410811274677171,0.0218462158874954,0.01532767594885,0.0784565926785305,0,0,train
GS,Q1-2024,2024-04-15,0.65,0.5,0.59,bullish,0.75,0.25,5,5,1.0,reaffirmed,0,5,0,0,8,3,0.15000000000000002,2,0,0,0,1,1,1,1,0,1,0,1,0,0,1,1,0,0,0,0,1,1,0,0,0,1,1,1,0,0,0,0,0,0,0,1,0,0,"['Net revenues of $14.2B and net earnings of $4.1B, resulting in EPS of $11.58, ROE of 14.8% and ROTE of 15.9%', 'Global Banking & Markets produced $9.7B in revenues with an 18% ROE on a fully allocated basis; FICC financing revenues hit a record $852M, up sequentially', 'Assets under supervision rose to a record $2.8T, representing the 25th consecutive quarter of long-term fee-based net inflows; record management and other fees of $2.5B, up 7% YoY', 'Returned $2.4B to shareholders in Q1, including $1.5B in common stock repurchases and $929M in dividends', 'Non-compensation expenses declined year-on-year even inclusive of a $78M FDIC special assessment charge, and fell sharply versus Q4; efficiency ratio of 60.9%']","['Advisory backlog fell quarter-on-quarter as transactions were brought to market; sponsor-related M&A and leveraged finance activity remains at historically very low levels with no clear near-term catalyst', 'CRE exposure of $26B in loans plus $4B AWM alternative equity/debt securities and $2B in equity at risk related to CIEs flagged as an ongoing concern', 'Platform Solutions segment still posted a pretax net loss of $117M; GreenSky and GM card cleanup charges continue to weigh on results', 'Macro uncertainty persists: inflation concerns, potential for fewer-than-expected Fed rate cuts in 2024, and escalating geopolitical tensions could slow growth', 'SLR declined to 5.4%, creating a potential leverage constraint that could limit balance sheet growth and pace of capital return']","['demand', 'other', 'execution', 'macro', 'regulatory']","['ai', 'enterprise_demand', 'macro_headwinds', 'capex', 'buybacks', 'margin_expansion', 'regulatory', 'm_and_a']",0.12599999999999995,0.13,0.12,0.030000000000000027,-0.07,0.0,0.0,0.0,0.0,0.0,0.010000000000000009,0,0.5190839694656488,0.5,0.5454545454545454,0.129,0.6,2.0,-0.023530074124440747,0.03157415775920658,0.06875152567841969,0.017098118605173147,3.0,0.0,2.0,3.0,1.0,0.0236825577197205,0.0177643172106558,0.0641764577702002,0.0683867530092539,0.1223122004905794,0.1744442328361859,0.1634012281262471,0.2730408101412376,1,1,train
GS,Q2-2024,2024-07-15,0.55,0.45,0.51,bullish,0.72,0.25,5,5,1.0,mixed,0,5,1,1,8,3,0.10000000000000003,2,0,0,0,1,1,0,1,1,2,0,0,0,0,1,1,0,0,0,0,1,1,0,0,0,1,1,0,0,1,0,0,0,0,0,1,0,0,"['Global Banking & Markets revenues of $8.2B, up 14% YoY; FICC up 17% YoY to $3.2B; Equities up 7% YoY to $3.2B', 'Record combined financing revenues of $2.2B in Q2 and $4.4B for H1 2024, with FICC financing up 37% YoY to $850M (near-record)', 'Asset & Wealth Management revenues of $3.9B, up 27% YoY; record management and other fees plus private banking and lending revenues of $3.2B; record AUS of $2.9T', 'Alternatives fundraising of $36B YTD with full-year target raised to exceed $50B; notable closings including $20B for private credit and ~$10B for real estate strategies', 'Returned $4.4B to shareholders in Q2 including $3.5B in buybacks; 9% dividend increase to $3/share; CET1 ratio of 14.8%, 90 bps above new regulatory minimum']","[""ROE of 10.9% in Q2 and 12.8% for H1 remains well below the firm's 15% target, with drag from enterprise platforms and below-average IB activity still weighing on returns"", 'Stress Capital Buffer increased unexpectedly; management believes it does not reflect strategic derisking; firm plans to moderate buybacks going forward and must maintain higher capital levels', 'Investment banking volumes still ~20% below 10-year averages; sponsor-led M&A activity remains depressed with uncertain timing of recovery', 'AWM segment ROE still around 10%, below target; 60% of alts AUM not yet fee-earning; incentive fee realization has been below internal models since Investor Day', 'Basel III Endgame uncertainty remains unresolved; timing potentially pushed to 2025 per Fed Chair Powell comments, creating ongoing capital planning uncertainty']","['execution', 'regulatory', 'demand', 'margins', 'regulatory']","['ai', 'enterprise_demand', 'product_launch', 'capex', 'buybacks', 'margin_expansion', 'regulatory', 'm_and_a']",-0.07999999999999996,-0.09999999999999998,-0.04999999999999999,-0.030000000000000027,0.0,0.0,0.0,0.0,0.0,0.0,-0.04999999999999999,0,0.45038167938931295,0.35,0.6363636363636364,0.135,0.75,1.0,0.05896899872157291,0.09701354851777655,0.27142879329469194,0.01334164619628654,1.0,1.0,3.0,0.0,0.0,0.0123512646650194,-0.0016699082582197,-0.0019940390378747,-0.0216094709667223,0.0287840318303965,-0.0085880367027515,0.0077471641491815,0.0453709997128743,1,1,train
GS,Q3-2024,2024-10-15,0.55,0.45,0.51,bullish,0.72,0.25,5,5,1.0,mixed,0,5,1,0,8,3,0.10000000000000003,3,0,0,0,2,0,0,2,1,1,0,0,0,0,1,0,0,0,0,0,1,1,0,0,0,1,1,0,0,1,1,0,0,0,0,1,0,0,"['Net revenues of $12.7B, up 7% YoY; EPS of $8.40, up 54% YoY; ROTE of 11.1%', 'Assets under supervision reached a record $3.1 trillion, marking 27th consecutive quarter of long-term net inflows; $29B of long-term net inflows in Q3', 'AWM more durable revenues (management fees + private banking & lending) hit a record $3.4B, up 9% YoY; management and other fees reached record $2.6B quarterly and $7.6B YTD toward $10B annual target', 'Equities net revenues of $3.5B, up 18% YoY; intermediation up 29% YoY; FICC and Equities combined financing revenues a record $6.6B YTD, up 30% YoY', 'Alternatives fundraising exceeded $50B YTD with full-year 2024 target raised to over $60B; cumulative third-party fundraising surpassed $300B since 2020 Investor Day']","['FICC net revenues of $3.0B were down YoY amid a relatively quieter summer, with meaningful pickup only in September; intermediation revenues declined', 'Provision for credit losses of $397M driven primarily by net charge-offs in credit card portfolio; ongoing consumer platform losses running ~negative $50-60M per quarter until GM card closes (~Q3 2025)', 'M&A volumes still 13% below 10-year averages; equity volumes 27% below 10-year averages, limiting investment banking revenue recovery', 'Significant regulatory uncertainty around Basel III endgame reproposal, FRTB, CCAR and GSIB buffer interactions; lack of transparency flagged by CEO as ongoing concern', 'Incentive fees of only $85M in Q3 vs. medium-term $1B annual target; timing of $4B unrecognized incentive fees dependent on fund harvesting and capital markets reopening']","['demand', 'margins', 'demand', 'regulatory', 'execution']","['customer_wins', 'enterprise_demand', 'product_launch', 'capex', 'buybacks', 'margin_expansion', 'regulatory', 'm_and_a']",0.0,0.0,0.0,0.0,0.0,0.0,0.0,0.0,0.0,0.0,0.0,0,0.45038167938931295,0.35,0.6923076923076923,0.236,1.0,1.0,0.0519765757472761,0.07671696017424678,0.046378586093337004,0.01327459380760343,1.0,0.0,4.0,1.0,0.0,-0.001708909331069,-0.0016230192290017,-0.016491226275933,-0.0238929258543353,0.0919021617188131,0.1108786461825206,0.157488645576828,0.1871834679080839,1,0,train
GS,Q4-2024,2025-01-15,0.72,0.55,0.652,bullish,0.8,0.2,5,5,1.0,mixed,0,5,2,0,8,3,0.16999999999999993,3,0,0,0,1,1,0,1,1,1,0,1,0,0,1,1,0,0,0,0,1,1,0,0,1,0,1,0,0,0,0,1,0,0,0,1,0,0,"['Full-year revenues grew 16% to $53.5 billion; EPS grew 77% to $40.54; ROE improved over 500 bps to 12.7%, demonstrating strong operating leverage', 'Q4 Investment Banking fees of $2.1 billion rose 24% YoY; net underwriting revenues rose 51% to $595 million; IB backlog rose sequentially and remains robust', 'Record full-year Equities net revenues of $13.4 billion; combined FICC and Equities financing revenues rose 17% to a record $9.1 billion', 'AWM management and other fees surpassed $10 billion for the year (exceeding 2024 target), up 15% YoY in Q4 to a record $2.8 billion; AUS reached record $3.1 trillion with 28th consecutive quarter of long-term fee-based net inflows', 'Returned approximately $3 billion to shareholders in Q4 alone, including $2 billion in buybacks and $965 million in dividends; 2024 was a record year for capital return by Goldman Sachs']","['Platform Solutions (Apple Card partnership) was a 75–100 bps drag on firm-wide ROE in 2024; contract runs to 2030 with uncertain exit timeline, and the business has not yet reached profitability', 'Incentive fees of $393 million for full year remain well below the $1 billion annual target; deployment of $72 billion in raised alts capital is constrained by subdued transaction volumes', 'Ongoing regulatory uncertainty across CCAR, Basel III endgame and G-SIB surcharge calibration; GS joined industry lawsuit against the Federal Reserve over stress-test transparency', 'Provision for credit losses of $351 million in Q4, primarily driven by net charge-offs in the credit card portfolio; total loan portfolio at $196 billion, up YoY', 'Broad macro and geopolitical risks cited by CEO: immigration, trade, tax and energy policy uncertainty under new administration; rising rates (10-year yield trajectory) flagged as potential dealmaking headwind']","['execution', 'margins', 'regulatory', 'demand', 'macro']","['ai', 'enterprise_demand', 'cost_cutting', 'buybacks', 'guidance_beat', 'margin_expansion', 'regulatory', 'm_and_a']",0.14200000000000002,0.16999999999999993,0.10000000000000003,0.08000000000000007,-0.04999999999999999,0.0,0.0,0.0,0.0,0.0,0.0699999999999999,0,0.6106870229007634,0.7,0.7142857142857143,0.25,0.8,2.0,0.04447374206317467,0.02418833297404932,0.16484329779995743,0.020793299286556738,1.0,2.0,2.0,-1.0,0.0,0.0110860236425611,0.0211259772785512,0.0114043137056938,0.0390055518236081,0.0630250109514525,0.0965758085851087,-0.0571468195603874,-0.1647231487971866,1,1,train
GS,Q1-2025,2025-04-14,0.55,0.35,0.47,bullish,0.72,0.25,5,5,1.0,mixed,0,5,0,1,8,3,0.20000000000000007,3,0,0,0,1,1,0,1,1,0,0,2,0,0,1,1,0,0,0,0,1,1,0,0,0,0,1,1,0,0,0,0,0,1,0,1,0,1,"['Record equities net revenues of $4.2 billion in Q1, with equities intermediation up 28% YoY driven by strong derivatives performance', 'FICC and equities combined financing revenues reached a record $2.7 billion, up 22% YoY — fifth consecutive quarter of record financing revenues', 'Assets under supervision rose to a record $3.2 trillion, with 29th consecutive quarter of long-term fee-based net inflows of $29 billion', 'Record common stock repurchases of $4.4 billion in Q1, with Board authorizing a new multiyear $40 billion share repurchase program', 'Total wealth management revenue grew 11% YoY to $2.2 billion; client assets reached a record $1.6 trillion']","['GS economists cut U.S. growth forecast from over 2% to 0.5%, with recession probability rising materially amid trade war escalation fears', 'Advisory revenues of $792 million were down YoY; investment banking activity more muted than expected coming into the year due to policy uncertainty', 'April 2 tariff shock created significant market dislocation; management acknowledged record prime brokerage balances could decline as clients deleverage, pressuring financing revenues', 'Alternatives fee rate contracted meaningfully (to ~61 bps) driven by lower-fee OCIO mandates, with difficult monetization environment pressuring incentive fees', '~$150 million severance charge expected in Q2 related to annual performance management and pyramid restructuring actions']","['macro', 'demand', 'macro', 'margins', 'execution']","['ai', 'inventory', 'macro_headwinds', 'buybacks', 'margin_expansion', 'regulatory', 'restructuring', 'm_and_a']",-0.18200000000000005,-0.16999999999999993,-0.20000000000000007,-0.08000000000000007,0.04999999999999999,0.0,0.0,0.0,0.0,0.0,0.030000000000000138,0,0.4122137404580153,0.2,0.5714285714285714,0.131,1.0,1.0,0.0826405075456198,-0.0691343793046667,-0.10031257003075655,0.04241360696117995,1.0,1.0,3.0,0.0,0.0,0.0048225591289673,-0.0174054735931037,0.0462479858348342,0.0421743201799524,0.1143584648243458,0.2126640840255445,0.2250160206720433,0.396677018656397,1,1,train
INTC,Q4-2023,2024-01-25,0.55,0.3,0.45,bullish,0.72,0.25,5,5,1.0,mixed,0,5,1,3,8,3,0.25000000000000006,2,1,0,1,0,0,1,2,2,0,1,0,0,0,0,1,0,1,0,0,0,0,1,0,0,1,0,0,0,1,1,0,0,0,0,0,1,1,"['Q4 revenue of $15.4B, up 10% YoY and $300M above guidance midpoint, beating expectations for the fourth consecutive quarter', 'CCG revenue of $8.8B, up 33% YoY with record notebook shipments; operating profit up ~$2.4B YoY', 'Q4 gross margin of 48.8%, 230 bps above guidance, driven by favorable product mix, ASPs and improved factory costs', 'IFS lifetime deal value more than doubled to over $10B from prior $4B update, with 4 Intel 18A foundry customers secured vs. 1 committed entering 2023', 'Delivered $3B cost savings commitment for FY2023 and achieved ~$2B net inventory reduction of 35 days from Q1 peak']","['Q1 guidance of $12.2B–$13.2B (midpoint $12.7B) implies a sharp ~18% sequential revenue decline, with gross margin falling to ~44.5% and EPS of only $0.13', 'Material inventory corrections in Mobileye and PSG, plus IFS revenue drop from traditional packaging wind-down and cyclical wafer equipment weakness, creating ~$1B sequential headwind from non-core businesses', 'Data Center (DCAI) revenue expected to decline double-digit percent sequentially in Q1, with wallet share shifting from CPU to GPU accelerators', 'Depreciation expected to grow ~$2B in 2024 plus significant variable factory start-up costs, creating persistent headwinds on margin expansion pace', 'Telco/NEX markets expected to remain weak through the full year, with growth skewed to second half']","['margins', 'demand', 'competition', 'margins', 'demand']","['ai', 'customer_wins', 'margin_pressure', 'supply_chain', 'inventory', 'product_launch', 'capex', 'data_center']",,,,,,,,,,,,0,0.3931297709923664,1.0,0.5,,,,0.0601197632921151,0.03229172388165602,0.4372053283100108,0.020868114125348818,0.0,0.0,0.0,0.0,0.0,-0.0035667098902119,0.0043527074632176,-0.0382936191271132,-0.0240551118585063,-0.0582557872962492,-0.0182074564425924,-0.3135212713344616,-0.2675041533958301,0,0,train
INTC,Q1-2024,2024-04-25,0.45,0.3,0.39,bullish,0.65,0.3,5,5,1.0,mixed,0,5,0,1,8,3,0.15000000000000002,1,2,1,1,0,0,0,1,2,0,1,0,1,0,0,1,0,1,0,0,0,0,1,0,0,1,0,0,0,1,1,0,0,0,0,0,1,1,"['Q1 revenue of $12.7B, up 9% YoY, finishing in line with guidance; EPS of $0.18 beat guidance by $0.05 on operating spending discipline and strong sell-through of previously reserved inventory', 'Intel Products revenue of $11.9B, up 17% YoY; client business grew more than 30% YoY; operating margin of approximately 28%, with operating profit expanding by more than $2.1B YoY', 'Gross margin of 45.1% came in 60 basis points above guidance despite peak 5-nodes-in-4-years start-up costs', 'Announced Microsoft as fifth Intel 18A customer; signed a sixth customer (aerospace & defense leader) in Q1; pipeline of nearly 50 test chips; advanced packaging engagements with nearly every foundry customer including 5 design awards', 'Gaudi 3 launched at Intel Vision 2024 with 20+ customers publicly endorsing Gaudi 2/3; management now expects over $500M in accelerated computing revenue in H2 2024 with increasing momentum into 2025']","['Intel Foundry operating loss deepened; foundry revenue of $4.4B down 10% YoY; operating margins expected to trough in 2024 as start-up costs peak and ~$2B incremental depreciation hits the P&L', 'Q2 gross margin guided to approximately 43.5%, a sequential decline despite higher revenue, driven by rising factory start-up costs and pull-forward of Q1 inventory sell-through benefits', ""First-half demand signals described as 'modestly weaker than originally anticipated'; Q2 client revenue constrained by wafer-level assembly supply shortages limiting Core Ultra AI PC shipments"", 'Mobileye revenue of $239M and operating loss of $68M both down meaningfully YoY due to iQ customer inventory drawdown; Altera revenue of $342M down significantly YoY with a $39M operating loss from industry-wide inventory digestion', ""Server CPU market share under pressure; management acknowledged it 'takes time' for new products (Sierra Forest, Granite Rapids) to ramp and stabilize share, with meaningful gains not expected until end of 2024 and into 2025""]","['margins', 'margins', 'supply_chain', 'demand', 'competition']","['ai', 'customer_wins', 'margin_pressure', 'supply_chain', 'inventory', 'product_launch', 'capex', 'data_center']",-0.06,-0.10000000000000003,0.0,-0.06999999999999995,0.04999999999999999,0.0,0.0,0.0,0.0,0.0,-0.10000000000000003,0,0.33969465648854963,0.7222222222222222,0.45454545454545453,0.154,0.75,0.0,0.0019976459458568296,-0.16384862462505023,-0.28934590732160503,0.026754676904527472,2.0,0.0,3.0,2.0,1.0,-0.0198527008304584,-0.0163112095797827,-0.0367017820583684,-0.0307402728114728,-0.0641638095515451,-0.0217641987520911,-0.1042793618885188,-0.0290080501141566,0,0,train
INTC,Q2-2024,2024-08-01,-0.55,-0.45,-0.51,bearish,0.45,0.45,5,5,1.0,lowered,-1,5,0,5,8,3,-0.10000000000000003,2,0,2,0,0,0,0,1,3,0,0,0,0,0,1,1,0,0,1,0,0,0,1,0,1,1,0,0,0,1,0,0,0,1,1,0,0,0,"['Shipped more than 15 million Windows AIPCs since December launch, multiples more than all competitors combined; on track to ship 40M+ AIPCs by year-end and 100M+ cumulatively by end of 2025', 'Intel Core Ultra volume more than doubled sequentially in Q2; Lunar Lake achieved production release ahead of schedule in July with 3x more NPU performance gen-on-gen', 'Q2 operating cash flow of $2.3B, up ~$3.5B sequentially on better working capital; adjusted free cash flow of $8.2B aided by Apollo SCIP investment of $11.5B in grants and partner contributions', 'Intel Products revenue of $11.8B, up 4% YoY; client business grew 9% YoY driven by AIPC ramp contributing to higher volume and ASPs', 'Mobileye revenue of $440M improved 84% sequentially as inventory digestion completed; Altera revenue up 6% sequentially with operating margins improving 4 points']","['Q2 gross margin of 38.7% and EPS of $0.02 significantly below expectations; Q3 guided to ~38% gross margin and EPS of -$0.03 non-GAAP', 'Layoffs of greater than 15% of headcount by end of 2025; dividend suspended beginning Q4 2024 to preserve liquidity', 'Intel Foundry operating loss of $2.8B in Q2, expected to continue at approximately the same rate in Q3; more than 85% of wafer volumes still on pre-EUV nodes with uncompetitive cost structure', 'Weaker spending across consumer and enterprise markets, especially in China; export control restrictions negatively impacted client business in China; elevated customer inventory levels expected to weigh on H2 revenue', 'Lunar Lake uses largely external wafers with memory in-package sourced externally at 0% margin contribution, creating gross margin headwind through 2025; external wafer inflation adding further pressure']","['margins', 'execution', 'margins', 'demand', 'margins']","['ai', 'margin_pressure', 'product_launch', 'cost_cutting', 'capex', 'china_exposure', 'restructuring', 'layoffs']",-0.9,-1.0,-0.75,-0.2,0.15000000000000002,0.0,0.0,0.0,-1.0,0.0,-0.25000000000000006,-1,0.007633587786259542,0.1111111111111111,0.09090909090909091,0.209,0.667,4.0,-0.06591644019030551,-0.0650145533947264,-0.039578821279087406,0.02878269158776587,1.0,4.0,0.0,-3.0,-1.0,-0.0346566908259473,-0.0637802743112885,-0.076750287399898,-0.076581420118121,-0.0943015269959892,-0.0583097579895908,-0.0621221570765044,0.0082176146532881,0,0,train
INTC,Q3-2024,2024-10-31,0.1,0.05,0.08,slightly_bullish,0.55,0.35,5,5,1.0,mixed,0,5,1,1,8,3,0.05,1,1,0,1,1,0,0,1,2,0,0,0,0,0,1,1,0,0,0,0,0,0,1,0,1,1,0,0,0,1,1,0,0,1,1,0,0,0,"['Q3 revenue of $13.3B came in above the midpoint of guidance and in the upper half of the guided range, up 4% sequentially', 'Intel Products operating profit of $3.3B, 27% of revenue, up $400M quarter-over-quarter on higher revenue and reduced OpEx', 'Altera revenue up 14% sequentially with operating profit turning positive; operating margins increased 900 bps sequentially', 'Secured multiyear, multibillion-dollar AWS commitment for a custom Xeon 6 chip on Intel 3 and a new AI fabric chip on Intel 18A; added 2 additional 18A external wafer design wins in the quarter', 'Awarded additional $3B in direct funding under the Secure Enclave program; advanced packaging business turned profitable as a standalone in Q3']","['Non-GAAP gross margin collapsed to 18% in Q3 due to ~$3B in noncash impairment and accelerated depreciation charges for Intel 7 assets, reducing gross margin by ~2,300 bps and EPS by ~$0.61/share', 'Gaudi 3 AI accelerator revenue will fall well short of the $500M 2024 target due to slower-than-expected adoption, product transition friction from Gaudi 2 to Gaudi 3, and software ease-of-use issues', ""Lunar Lake's in-package memory architecture is having a 'significant' and 'meaningful' negative impact on gross margins and will weigh on 2025 gross margins as volume ramps; gross margin expansion expected to be 'muted' in 2025, particularly H2"", '$15.6B in GAAP charges including ~$10B deferred tax asset impairment, $2.6B Mobileye goodwill impairment, and $2.2B in severance costs; adjusted free cash flow expected to remain negative for full-year 2024', 'Altera inventory normalization expected to continue through H1 2025 as end customers work down inventory tied to prior supply constraints; billings remain below consumption']","['margins', 'demand', 'margins', 'execution', 'inventory']","['ai', 'customer_wins', 'margin_pressure', 'product_launch', 'cost_cutting', 'capex', 'restructuring', 'layoffs']",0.59,0.65,0.5,0.10000000000000003,-0.10000000000000003,0.0,0.0,0.0,1.0,0.0,0.15000000000000002,-1,0.10687022900763359,0.4444444444444444,0.15384615384615385,0.188,0.75,0.0,-0.03670544714518409,-0.03885658577940798,0.008217614653288186,0.01907135169646991,1.0,3.0,1.0,-2.0,0.0,-0.0271564503379055,-0.0293103570178342,0.0817654373274392,0.1293103405751741,-0.0890273393543094,-0.031465578688734,-0.214683077955412,-0.1530172856752696,0,0,train
INTC,Q4-2024,2025-01-30,-0.1,-0.2,-0.14,slightly_bearish,0.5,0.3,5,5,1.0,mixed,0,5,0,4,8,3,0.1,2,1,0,0,1,0,0,1,2,0,1,1,0,0,0,1,0,0,0,1,0,0,1,0,0,0,0,1,0,1,0,0,0,1,0,0,1,1,"['Q4 revenue of $14.3B came in at the high end of guidance, up 7% sequentially, driven by solid CCG growth and edge business recovery', 'Non-GAAP gross margin of 42.1% beat guidance by 260 basis points on higher revenue, better costs, and receipt of first CHIPS grant of $1.1B in Q4', 'Q4 EPS of $0.13 exceeded guidance of $0.12; Intel Products operating profit was $3.6B at 28% of revenue', 'Signed definitive CHIPS Act agreement awarding up to $7.86B in grants; received $1.1B in Q4 and additional $1.1B in January Q1', 'NEX revenue up 7.5% sequentially and more than 20% from Q2 lows as customers return to normal buying patterns; Altera operating margin recovered to 21% from 2% in Q3']","['Q1 2025 revenue guided to $11.7B–$12.7B, down 11%–18% sequentially, well below Q4 levels, citing macro uncertainty, tariff concerns, PC inventory digestion, and increasing competition', ""Intel Products gross margins under pressure throughout 2025 due to Lunar Lake's higher cost structure (memory-in-package), with meaningful relief not expected until Panther Lake ramps in 2026"", 'Falcon Shores AI accelerator cancelled as a market product; Intel not yet participating meaningfully in cloud-based AI data center market, with Gaudi learnings still being absorbed', 'Full year 2024 revenue declined 2.1% YoY to $53.1B; Intel Foundry posted greater than $13B operating loss in 2024 with negative gross margins', 'Tariff-related pull-forward in Q4 (primarily from Asian customers) likely borrowed demand from Q1 2025, adding to sequential revenue headwinds; macro uncertainty flagged as broad risk across all segments']","['demand', 'margins', 'competition', 'margins', 'macro']","['ai', 'margin_pressure', 'supply_chain', 'tariffs', 'inventory', 'product_launch', 'macro_headwinds', 'restructuring']",-0.22000000000000003,-0.2,-0.25,-0.050000000000000044,-0.04999999999999999,0.0,0.0,0.0,0.0,0.0,0.05,-1,0.05343511450381679,0.2222222222222222,0.14285714285714285,0.196,0.5,2.0,-0.0723226466394763,-0.014285665964424044,-0.12696334370530427,0.028191779653412952,3.0,0.0,2.0,3.0,1.0,0.0041561470856874,-0.0025733990542378,-0.0152393553821263,-0.0169840410974233,0.1392610808090461,0.0977869062628964,0.1166691581195388,0.0612455231789483,1,1,train
INTC,Q1-2025,2025-04-24,-0.1,-0.15,-0.12,slightly_bearish,0.52,0.35,5,5,1.0,mixed,0,5,0,5,8,3,0.04999999999999999,1,1,0,0,0,0,1,0,2,0,1,1,1,0,0,0,0,0,0,1,0,0,1,0,1,0,0,1,0,1,0,0,0,1,0,1,1,0,"['Q1 revenue of $12.7B came in at the high end of guidance range, driven by better-than-expected Xeon sales', 'Non-GAAP gross margin of 39.2%, approximately 3 percentage points above guidance on stronger-than-expected Raptor Lake demand and improved Meteor Lake costs', 'Q1 EPS of $0.13 vs. guidance of breakeven, driven by higher revenue, stronger gross margin, and lower OpEx', 'Operating expenses down $400M sequentially and $700M year-over-year; OpEx targets lowered to $17B in 2025 and $16B in 2026', 'Altera stake sale to Silver Lake at ~$9B valuation with Intel receiving net cash proceeds of $4.4B; IPU revenue expected to double from 2024 to 2025']","[""Q2 revenue guided to $11.2B–$12.4B, down 2%–12% sequentially, with wider-than-normal range due to tariff and macro uncertainty; gross margin guided to ~36.5%, well below Q1's 39.2%"", ""Intel Foundry operating loss of $2.3B in Q1; Intel 7 capacity constrained 'for the foreseeable future' due to stronger-than-expected Raptor Lake demand crowding out newer nodes"", 'Macro and tariff uncertainty increasing probability of recession; CFO flagged potential TAM contraction and noted June is likely to be softer than the strong start to Q2', 'Lunar Lake margin headwind persists due to memory-in-package cost structure; 18A ramp start-up costs will pressure gross margins through 2025', 'No Tier 1 external foundry customer announced; AI accelerator portfolio gap acknowledged with Falcon Shores cancelled and Jaguar Shores still in development with no firm timeline']","['margins', 'supply_chain', 'macro', 'margins', 'competition']","['supply_chain', 'margin_pressure', 'tariffs', 'product_launch', 'cost_cutting', 'macro_headwinds', 'restructuring', 'm_and_a']",0.020000000000000018,0.0,0.05000000000000002,0.020000000000000018,0.04999999999999999,0.0,0.0,0.0,0.0,0.0,-0.05000000000000002,-1,0.07633587786259542,0.3333333333333333,0.21428571428571427,0.356,0.75,1.0,0.11752471568800726,-0.11198350852829142,-0.0037088514064861355,0.06012541355890916,4.0,0.0,1.0,4.0,1.0,0.0225613916812841,0.022942693731929,-0.0008459299513701,0.0284290086714444,-0.0486313281424695,0.0249376568092729,-0.1287246877304673,0.0314215008522662,0,1,train
JNJ,Q4-2023,2024-01-23,0.65,0.55,0.61,bullish,0.78,0.2,5,5,1.0,reaffirmed,0,4,1,0,8,3,0.09999999999999998,2,0,1,0,1,1,0,0,1,1,2,1,0,0,0,0,0,0,1,0,1,0,1,0,0,0,0,0,0,1,1,0,0,0,0,1,1,1,"['Full year 2023 worldwide sales of $85.2B, up 7.4% with adjusted operational EPS of $9.92, up 10.8% operationally — notable top and bottom line beats vs. prior guidance', 'MedTech delivered record $30B+ in annual sales with Q4 adjusted operational growth of 9.1%; Electrophysiology posted 25.2% growth in Q4 globally (22% U.S., 29% OUS)', 'DARZALEX and ERLEADA grew 22.2% and 19% respectively in Q4; TREMFYA up 20.5% and STELARA up 14.5% in immunology', 'Generated over $18B in free cash flow in 2023; returned over $14B to shareholders via dividends and buybacks; 61st consecutive year of dividend increase', 'Innovative Medicine delivered 9.5% operational sales growth ex-COVID vaccine in Q4 with 9 assets posting double-digit growth; 19 U.S. and EU filings in 2023']","['STELARA biosimilar entry expected in Europe in H2 2024, creating a meaningful headwind to Innovative Medicine sales growth in the second half of the year', 'MedTech adjusted IBT margins declined from 24.5% to 15.5% in Q4, driven by Laminar acquisition IPR&D (~5 pts), commodity/inventory inflation (~3-4 pts), and unfavorable product mix', 'China volume-based procurement (VBP) pricing headwinds expected to begin in 2024 for surgical IOLs and orthopedic sports, with ongoing VBP impacts in EP, endocutters, energy, spine and trauma', 'IMBRUVICA sales declining due to competitive pressures; ZYTIGA, REMICADE and Prezista facing loss of exclusivity headwinds', 'Pillar 2 global minimum tax legislation expected to increase effective tax rate by ~150 basis points in 2024, with management flagging it as harmful to U.S. innovation incentives']","['competition', 'margins', 'macro', 'competition', 'regulatory']","['customer_wins', 'supply_chain', 'margin_pressure', 'china_exposure', 'inventory', 'product_launch', 'regulatory', 'm_and_a']",,,,,,,,,,,,0,0.5534351145038168,0.6,0.7,,,,-0.00442306222911526,0.04266975492566383,0.052874240307544396,0.007356144863649059,0.0,0.0,0.0,0.0,0.0,-0.0016644822249827,0.003774402642759,0.0047935235755769,-0.0003775839103287,-0.0204240822248631,0.0258479785614422,-0.1029997627652947,-0.0585194524458716,0,0,train
JNJ,Q1-2024,2024-04-16,0.62,0.55,0.592,bullish,0.78,0.2,5,5,1.0,raised,1,4,3,1,8,3,0.06999999999999995,2,0,1,0,1,1,0,1,0,2,1,0,1,0,0,1,0,0,0,0,1,1,0,0,0,0,0,1,0,1,1,0,0,0,0,1,0,0,"['Worldwide Q1 sales of $21.4B, up 3.9% reported; ex-COVID vaccine operational growth of 7.6% worldwide; adjusted diluted EPS of $2.71, up 12.4% YoY', 'DARZALEX grew 21% driven by 6-point share gains across all lines and 10-point gains in frontline; ERLEADA grew 28.4%; TREMFYA grew 27.6%; SPRAVATO grew 72% YoY', 'CARVYKTI achieved $157M in Q1 vs. $72M in Q1 2023 (>100% YoY growth); received FDA approval for 2nd-line setting, expanding addressable market significantly', 'Electrophysiology delivered 25.9% growth with double-digit gains in all regions; Abiomed grew 15%; EP business nearing $5B in revenue growing >20%', 'Board authorized 4.2% dividend increase, marking 62nd consecutive year of dividend increases; free cash flow of ~$3B in Q1, above prior year']","['STELARA biosimilar entry anticipated in Europe midyear 2024 expected to weigh on H2 Innovative Medicine growth; volume growth largely offset by price declines going forward', 'IMBRUVICA sales declining due to competitive pressures; XARELTO facing unfavorable patient mix expected to continue throughout the year; REMICADE/SIMPONI European distribution rights returned in Q4', 'Contact Lens segment declined 2.3% due to U.S. distributor inventory destocking; China VBP pressuring Surgery and Surgical Vision segments', ""IRA drug price negotiation provisions described as 'damaging to the healthcare innovative system'; ongoing negotiations on selected drugs create pricing uncertainty"", 'INVEGA SUSTENNA patent litigation remanded back to New Jersey District Court after Federal Circuit ruling; outcome uncertain despite management confidence in patent strength']","['competition', 'demand', 'supply_chain', 'regulatory', 'regulatory']","['ai', 'dividends', 'customer_wins', 'product_launch', 'macro_headwinds', 'margin_expansion', 'regulatory', 'm_and_a']",-0.018000000000000016,-0.030000000000000027,0.0,0.0,0.0,0.0,0.0,0.0,1.0,0.0,-0.030000000000000027,1,0.5267175572519084,0.4,0.6363636363636364,0.293,0.5,4.0,-0.051480635876243075,-0.08679962697461074,-0.09327945714127783,0.008403709734292634,3.0,0.0,1.0,3.0,1.0,0.0087580222910141,0.0067003579785749,0.0162630127322345,0.0259723429796125,0.0094721662982169,0.0656903431656683,-0.0254244649835295,0.0822429388234116,1,1,train
JNJ,Q2-2024,2024-07-17,0.45,0.35,0.41,bullish,0.72,0.3,5,5,1.0,mixed,0,5,2,3,8,3,0.10000000000000003,2,0,1,0,1,0,0,1,1,0,1,1,0,0,0,0,0,0,1,0,1,0,1,0,0,0,0,0,0,1,1,0,0,0,0,1,1,1,"['Worldwide sales of $22.4B increased 6.6% operationally; Innovative Medicine hit first-ever $14.5B quarter with 10 assets delivering double-digit growth', 'DARZALEX grew 21.3% to ~$2.9B, driven by 4.6-point share gains across all lines and 9.4-point share gains in frontline; 4 additional positive Phase III studies delivered in the quarter', 'CARVYKTI sales of $186M grew 59.9% on capacity expansion and strong demand; FDA approval received for earlier lines of therapy with positive overall survival data from CARTITUDE-4', 'SPRAVATO grew 60.8% driven by increased physician and patient confidence; Electrophysiology delivered 13.4% growth with Abiomed up 15.4% including DanGer Shock landmark survivability data', 'Free cash flow year-to-date of ~$7.5B vs. $5.5B in prior year period; adjusted operational EPS guidance raised by $0.05 per share before acquisition dilution, implying 8.2% YoY EPS growth at midpoint']","['STELARA biosimilar entry in Europe anticipated late July 2024 and in the U.S. in 2025, expected to materially pressure Innovative Medicine H2 sales growth; REMICADE and SIMPONI European distribution rights returned in Q4 with limited Q3 sales expected', 'MedTech growth fell below expectations; full-year 2024 MedTech growth now guided closer to 6% vs. prior expectation of upper end of 5%-7% range, driven by China weakness and vision distributor destocking', 'Shockwave, Proteologix and NM26 acquisitions create $0.68/share EPS dilution in 2024; adjusted pretax operating margin now expected to decline 120 bps vs. prior +50 bps improvement guidance', 'Effective tax rate increased to 17.5%-18.5% for full year vs. 14.7% in Q2 2023, driven by OECD Pillar Two and nondeductible NM26 acquisition; unfavorable international audit settlements also impacted Q2', 'China VBP pricing pressure and anticorruption campaign headwinds impacting MedTech procedural volumes and HCP engagement across surgery, spine, sports and vision segments']","['competition', 'demand', 'margins', 'other', 'macro']","['customer_wins', 'regulatory', 'supply_chain', 'margin_pressure', 'inventory', 'product_launch', 'china_exposure', 'm_and_a']",-0.182,-0.16999999999999998,-0.20000000000000007,-0.06000000000000005,0.09999999999999998,0.0,0.0,0.0,-1.0,0.0,0.030000000000000082,1,0.366412213740458,0.1,0.5454545454545454,0.257,0.4,0.0,0.0478486216020384,0.07585549107438383,0.09273588423924206,0.010572956171634826,2.0,1.0,1.0,1.0,0.0,0.0019436786722432,-0.0046969262418721,0.0529367977767368,0.0271523291018087,0.0225580855167046,0.0255437078008111,0.0081663508258622,0.0650297300491697,1,1,train
JNJ,Q3-2024,2024-10-15,0.55,0.4,0.49,bullish,0.75,0.25,5,5,1.0,mixed,0,5,3,2,8,3,0.15000000000000002,1,0,2,0,1,0,0,1,2,1,0,0,1,0,0,0,0,0,1,0,1,0,1,0,0,0,0,1,0,1,1,0,0,0,0,1,1,0,"['Worldwide Q3 sales of $22.5B, up 6.3% operationally; Innovative Medicine sales of $14.6B (second consecutive quarter above $14B) with 11 brands delivering double-digit growth', 'DARZALEX became first J&J product to reach $3B in sales in a single quarter, growing 22.9% YoY driven by 4-point share gains across all lines of therapy', 'CARVYKTI achieved $286M in sales with 87.6% YoY growth and 53.2% sequential growth, driven by capacity expansion, share gains and CARTITUDE-4 approval in 2L+ setting', 'Free cash flow year-to-date of ~$14B vs. ~$12B in prior year; adjusted operational EPS guidance raised for the third consecutive quarter with underlying EPS growth of 9.2% ex-M&A', '5 major U.S. and EC approvals in Q3 including RYBREVANT+LAZCLUZE for first-line EGFR-mutated lung cancer and TREMFYA for active ulcerative colitis; OTTAVA robotic surgery IDE application submitted to FDA']","['MedTech full-year 2024 adjusted operational sales growth guidance lowered to ~5% from ~6% due to persistent Asia Pacific/China headwinds from VBP, anticorruption campaign, Korea HCP strike, and Japan macro pressures', 'STELARA biosimilar entry anticipated in U.S. in January 2025 with significant LOE impact; HUMIRA erosion curve cited as proxy, and Part D redesign expected to create additional negative impact', 'Adjusted pretax operating margin declining ~200 bps in 2024 due to M&A-related acquired IP R&D expense ($1.25B for NM26); enterprise adjusted income before tax margin fell from 37.6% to 32.4%', '$1.75B charge related to talc litigation settlement proposal impacted Q3 net earnings; confirmation hearing timeline uncertain though targeted for early 2025', 'IV saline shortage following Hurricane Helene flagged as a potential risk to elective surgical procedure volumes across MedTech portfolio in Q4']","['demand', 'margins', 'margins', 'regulatory', 'supply_chain']","['customer_wins', 'margin_pressure', 'supply_chain', 'china_exposure', 'product_launch', 'macro_headwinds', 'regulatory', 'm_and_a']",0.08000000000000002,0.10000000000000003,0.050000000000000044,0.030000000000000027,-0.04999999999999999,0.0,0.0,0.0,0.0,0.0,0.04999999999999999,1,0.42366412213740456,0.2,0.5384615384615384,0.275,0.5,0.0,0.027616078753731177,-0.01730635918468315,0.055981132437299186,0.006072092758434793,2.0,1.0,1.0,1.0,0.0,0.0010707254176118,0.0011566155196791,0.0170193703896968,0.0096176708112944,-0.0945183296840469,-0.0755418452203394,-0.1275171586984859,-0.09782233636723,0,1,train
JNJ,Q4-2024,2025-01-22,0.55,0.45,0.51,bullish,0.75,0.25,5,5,1.0,reaffirmed,0,3,1,0,8,3,0.10000000000000003,2,0,1,0,1,0,0,0,1,0,1,2,0,0,1,0,0,0,1,0,1,1,0,0,0,0,0,1,0,1,1,0,0,0,0,1,0,0,"[""DARZALEX became J&J's first brand to exceed $3 billion in quarterly sales, growing 23.5% YoY with 6-point share gains in the frontline setting"", 'SPRAVATO surpassed $1 billion in annual sales for the first time, growing 45.3% in Q4 driven by increased physician and patient demand; also received approval as first-and-only monotherapy for treatment-resistant depression', 'Full year 2024 free cash flow of ~$20 billion, $1.6 billion more than 2023 despite higher litigation payments and TCJA toll tax headwinds', 'CARVYKTI achieved $963 million in full year sales with Q4 growth of over 100% YoY and 17.3% sequential growth; 5,000th patient infused milestone reached', 'ERLEADA reached $3 billion in annual sales for the first time, growing 22.7% in Q4 driven by share gains and market growth']","['STELARA declined 13.6% in Q4 due to biosimilar competition; U.S. biosimilars entered in January 2025 with ~$2 billion negative Part D redesign impact expected in 2025, creating a significant full-year headwind', 'VARIPULSE PFA catheter U.S. commercial activity temporarily paused to investigate 4 reported neurovascular events, creating near-term MedTech EP headwind while collaborating with FDA', 'Continued macroeconomic and VBP headwinds in China expected to persist through 2025 across MedTech segments including electrophysiology, orthopedics, and surgery', 'Unfavorable foreign currency impact of ~$1.7 billion (2.0%) on 2025 reported sales based on euro/USD rate of $1.04 vs. prior $1.10, reducing reported EPS by ~$0.25', 'Intra-Cellular Therapies acquisition expected to be dilutive to 2025 adjusted EPS by $0.30–$0.35 due to debt financing costs, with no material near-term cost synergies planned']","['competition', 'execution', 'macro', 'macro', 'margins']","['customer_wins', 'regulatory', 'product_launch', 'macro_headwinds', 'margin_expansion', 'currency_fx', 'china_exposure', 'm_and_a']",0.020000000000000018,0.0,0.04999999999999999,0.0,0.0,0.0,0.0,0.0,0.0,0.0,-0.04999999999999999,1,0.45038167938931295,0.3,0.5,0.233,0.25,1.0,0.0035924364860571156,0.0035924364860571156,-0.1131563093739607,0.011402245841040859,2.0,1.0,2.0,1.0,0.0,0.0041468195109436,0.0012275412562103,0.0502094876924559,0.0424848298498012,0.1461158530597539,0.1255501079623937,0.1657125088530529,0.0649901481890047,1,1,train
JNJ,Q1-2025,2025-04-15,0.72,0.42,0.6,bullish,0.78,0.28,5,5,1.0,raised,1,4,1,0,8,3,0.3,1,0,0,1,1,0,0,1,1,1,0,1,0,0,1,0,0,0,0,1,0,0,1,0,0,0,1,0,0,1,1,0,0,1,0,1,1,0,"['Worldwide Q1 sales of $21.9B, up 4.2% operationally despite ~810 bps STELARA biosimilar headwind in Innovative Medicine; ex-STELARA, remaining ~90% of IM business grew over 12% with 11 key brands growing double digits', 'DARZALEX delivered 22.5% growth with ~3 pts share gains across all lines and ~5 pts in frontline; CARVYKTI grew over 100% YoY to $369M with 10.5% sequential growth; RYBREVANT+LAZCLUZE grew over 100% to $141M', ""TREMFYA grew 20.1% operationally, achieving nearly $1B in sales; already captured ~50% share of IL-23 new patient starts in UC; Crohn's disease launch patient initiation volumes outpacing prior IL-23 launches"", 'Full-year operational sales guidance raised by $700M to midpoint of $92B (3.8% growth) following Intra-Cellular/CAPLYTA acquisition close; adjusted EPS guidance maintained at $10.50–$10.70 midpoint despite $0.25 Intra-Cellular dilution and tariff headwinds', '63rd consecutive annual dividend increase announced at 4.8%; free cash flow of ~$3.4B in Q1; $7B talc reserve reversal boosted reported net earnings to $11B and EPS to $4.54']","['Tariff exposure estimated at ~$400M in 2025, primarily MedTech-driven (China retaliatory tariffs on U.S.-origin products most penalizing); full-year annualized impact deliberately not quantified due to fluidity; limited pricing power to pass through costs given contractual agreements and pharma pricing constraints', 'Gross margins compressed ~320 bps YoY driven by STELARA mix headwind, Part D redesign, and unfavorable transactional currency; management acknowledged consensus was too optimistic on gross profit', ""Orthopedics declined 3.1% with underlying competitive pressure in Spine and Sports; hips and knees performance described as 'slightly below market' in Q1; Surgery restructuring program expected to cause ~$250M revenue disruption over next 2 years at ~$900M cost"", 'STELARA biosimilar erosion expected to accelerate throughout 2025 following HUMIRA erosion curve, compounded by Part D redesign; STELARA declined 32.3% in Q1 with further acceleration anticipated', 'Section 232 pharmaceutical tariff investigation ongoing; potential for broader pharma tariffs creates supply chain and cost uncertainty; management declined to discuss transfer pricing structures for competitive reasons']","['macro', 'margins', 'execution', 'demand', 'regulatory']","['customer_wins', 'supply_chain', 'margin_pressure', 'tariffs', 'product_launch', 'buybacks', 'restructuring', 'm_and_a']",0.08999999999999997,0.16999999999999993,-0.030000000000000027,0.030000000000000027,0.030000000000000027,0.0,0.0,0.0,1.0,0.0,0.19999999999999996,2,0.5381679389312977,0.5,0.6428571428571429,0.132,0.6,3.0,0.02413317285538752,-0.0566200980621141,0.06977312887652909,0.022673386076616682,1.0,1.0,1.0,0.0,0.0,0.0217035949597741,0.0231304042470823,-0.0333797399297488,0.0066271750863706,-0.1471515520372524,-0.0167629805107003,-0.1246925223781527,0.0727266075770558,0,1,train
JPM,Q4-2023,2024-01-12,0.2,0.05,0.14,slightly_bullish,0.62,0.35,5,5,1.0,mixed,0,5,0,3,8,3,0.15000000000000002,2,0,0,1,1,0,0,2,1,0,0,0,0,0,1,1,0,0,0,0,1,0,1,0,0,0,1,1,0,0,0,0,0,0,0,0,0,1,"['Full-year net income of $50B, EPS of $16.23, revenue of $162B, and ROTCE of 21% — all record results for the firm', 'IB fees up 13% YoY in Q4; ranked #1 in IB wallet share at 8.8% for the full year', 'AWM record client asset net inflows of $489B for the year; AUM of $3.4T and client assets of $5T both up 24% YoY', 'Auto originations of $9.9B, up 32% YoY with market share gains while retaining strong margins', 'CET1 ratio improved to 15%, up 70 bps QoQ, providing significant capital buffer above regulatory requirements']","['$2.9B FDIC special assessment and $743M net investment securities losses weighed on Q4 results, reducing reported EPS to $3.04', '2024 NII ex-Markets guided to ~$88B, implying meaningful sequential quarterly declines from the $94B Q4 annualized run rate as rates normalize', 'Card net charge-offs up $791M YoY in Q4 due to continued normalization; net reserve build of $538M driven by card loan growth', 'CRE reserve build of $142M in Commercial Bank driven by deterioration in commercial real estate valuation outlook; C&I loan demand muted with lower revolver utilization', '2024 adjusted expenses guided to ~$90B, up ~$7B YoY, driven by compensation, branch expansion, technology, and marketing investments with uncertain near-term ROI visibility']","['other', 'margins', 'demand', 'demand', 'execution']","['ai', 'capital_markets_rebound', 'margin_pressure', 'inventory', 'enterprise_demand', 'macro_headwinds', 'buybacks', 'regulatory']",,,,,,,,,,,,0,0.17557251908396945,0.2,0.3,,,,-0.01869186497116737,0.05963362132548111,0.16653465307158632,0.007335795782593392,0.0,0.0,0.0,0.0,0.0,0.0002010363217934,-0.0053575703377063,-0.0149555048613234,0.0059528029873321,-0.0019159596189317,0.0478598117517183,0.0190189170271044,0.0825324471361743,0,1,train
JPM,Q1-2024,2024-04-12,0.3,0.15,0.24,slightly_bullish,0.65,0.25,5,5,1.0,mixed,0,5,1,1,8,3,0.15,3,0,0,0,1,1,0,1,2,1,0,1,0,0,0,0,0,0,0,0,1,0,1,0,0,0,1,1,0,0,0,0,0,0,0,1,0,1,"['Net income of $13.4B, EPS of $4.44 on revenue of $42.5B with ROTCE of 21% for Q1-2024', 'Firm-wide IB fees up 21% YoY; debt underwriting up 58% and equity underwriting up 51% YoY; ranked #1 with YTD wallet share of 9.1%', 'AWM AUM of $3.6T up 19% YoY and client assets of $5.2T up 20% YoY, with long-term net inflows of $34B in the quarter', 'First Republic contributed $1.7B revenue and $668M net income in Q1, annualizing above the $2B full-year figure cited in the CEO letter', 'CET1 ratio of 15% with $2B/quarter buyback ongoing; dividend raised mid-cycle reflecting excess capital generation']","['FDIC special assessment increased by $725M due to updated loss estimates from SVB and Signature Bank closures, driving expenses to $22B, up 9% YoY', 'Card net charge-offs up $825M YoY on continued normalization; reserve build expected in back half of 2024 as card loan growth of ~12% full-year continues', 'NII ex Markets guidance of ~$89B implies sequential NII compression as deposit margin normalization continues; deposit migration from checking/savings to CDs ongoing with no sign of slowing', 'CIB cautioned that strong Q1 capital markets activity likely pulled forward from later in the year, particularly in DCM where a high percentage of full-year refinancing needs were completed in Q1', 'Jamie Dimon flagged elevated macro, geopolitical, and regulatory uncertainty including stagflation risk, higher-for-longer rates, and potential CRE stress beyond office if rates rise further']","['regulatory', 'margins', 'margins', 'demand', 'macro']","['margin_pressure', 'inventory', 'enterprise_demand', 'macro_headwinds', 'buybacks', 'regulatory', 'm_and_a', 'geopolitical']",0.09999999999999998,0.09999999999999998,0.09999999999999999,0.030000000000000027,-0.09999999999999998,0.0,0.0,0.0,0.0,0.0,-2.7755575615628914e-17,0,0.27099236641221375,0.4,0.36363636363636365,0.229,0.5,2.0,-0.07424687949346409,-0.039313502281207,0.07960193907160851,0.017507751617450294,2.0,2.0,1.0,0.0,0.0,-0.0096038954657988,-0.0114276444703436,0.0450263604627915,0.0356499481495173,0.0644422687162979,0.1018097889673173,0.0511297440190199,0.1744965420827846,1,0,train
JPM,Q2-2024,2024-07-12,0.35,0.05,0.23,slightly_bullish,0.62,0.25,5,5,1.0,reaffirmed,0,3,0,0,8,3,0.3,3,0,0,0,1,1,0,3,1,1,0,0,0,0,0,0,0,0,0,0,1,0,1,0,0,0,1,1,0,0,0,1,0,0,0,0,0,1,"['Firm reported record revenue of $51B and net income of $18.1B; excluding significant items, net income was $13.1B with ROTCE of 20%', 'IB fees up 50% year-on-year and 17% quarter-on-quarter; ranked #1 with year-to-date wallet share of 9.5%', 'Equity Markets revenue up 21% YoY with record revenue in prime on growth in client balances; total Markets revenue up 10% YoY to $7.8B', 'AUM reached $3.7T, up 15% YoY; long-term net inflows of $52B in the quarter led by equities and fixed income', 'Board announced intention to increase quarterly dividend from $1.15 to $1.25 per share in Q3 2024, a 19% increase year-over-year; $4.9B in net common stock repurchases in Q2']","['NII over-earning narrative persists; deposit margin compression expected to continue as noninterest-bearing balances migrate to interest-bearing, pressuring NII normalization toward 17% through-cycle ROTCE', 'Card net charge-offs up $813M YoY to $2.1B as newer vintages season; Card reserve build of $579M; full-year Card allowance build now expected slightly above prior $2B estimate', 'DCM pull-forward refinancing activity flagged as a meaningful contributor to H1 strength, creating headwinds for H2 IB fee outlook; M&A remains relatively muted', 'Preliminary stress capital buffer of 3.3% (up from 2.9%), with final SCB potentially higher due to OCI calculation concerns; CET1 requirement rising to 12.3% in Q4 2024', 'Loan demand remains muted across wholesale segments; middle market and large corporate clients cautious, revolver utilization below pre-pandemic levels; CRE loan origination suppressed by higher rates']","['margins', 'demand', 'demand', 'regulatory', 'demand']","['dividends', 'margin_pressure', 'inventory', 'enterprise_demand', 'macro_headwinds', 'buybacks', 'guidance_beat', 'regulatory']",-0.009999999999999981,0.04999999999999999,-0.09999999999999999,-0.030000000000000027,0.0,0.0,0.0,0.0,0.0,0.0,0.15,0,0.25190839694656486,0.3,0.45454545454545453,0.25,1.0,2.0,0.0007324175537517519,0.0602777229791529,0.0544726464403158,0.010092804517344912,1.0,1.0,3.0,0.0,0.0,0.0110654519074158,0.0169958670819805,0.0133470435051382,0.0010950028578888,0.0246633964732356,-0.0100452251025505,0.0294466078388726,0.0647568609114273,1,1,train
JPM,Q3-2024,2024-10-11,0.35,0.1,0.25,slightly_bullish,0.72,0.2,5,5,1.0,mixed,0,4,1,1,8,3,0.24999999999999997,3,0,0,0,1,1,0,2,2,0,0,1,0,0,0,1,0,0,0,0,1,0,1,0,0,0,1,1,1,0,0,0,0,0,0,1,0,0,"['Firm reported net income of $12.9B, EPS of $4.37 on revenue of $43.3B (up 6% YoY) with ROTCE of 19%', 'CIB IB fees up 31% YoY with #1 wallet share at 9.1% YTD; debt underwriting up 56% and equity underwriting up 26%', 'AWM record quarterly revenues of $5.4B (up 9% YoY) and record long-term net inflows of $72B; AUM of $3.9T and client assets of $5.7T both up 23% YoY', 'Markets revenue up 8% YoY to $7.2B, with Equities up 27% driven by strong U.S. trading environment and increased Asia activity', 'Added $6B of net common share repurchases in Q3, partly deploying proceeds from Visa share sale; CET1 ratio of 15.3% with estimated $30B+ of excess capital']","[""NII ex Markets expected to decline ~6% sequentially in Q4 2024; 2025 consensus of $87B for NII ex Markets still viewed as 'a little toppy' by management, implying further downward pressure"", 'CCB Banking & Wealth Management revenue down 11% YoY due to deposit margin compression and lower deposit balances (average deposits down 8% YoY)', 'Card net charge-offs up $520M YoY to $1.9B; net reserve build of $876M predominantly from higher revolving balances in Card', 'Middle market and large corporate loan demand remains soft; average Banking & Payments loans down 2% YoY with continued softness in new loan demand and revolver utilization', 'M&A regulatory environment and geopolitical situation cited as continued sources of uncertainty for IB pipeline; management cautious on asset prices and macro outlook, flagging potential turbulence']","['margins', 'margins', 'demand', 'demand', 'macro']","['ai', 'margin_pressure', 'enterprise_demand', 'macro_headwinds', 'buybacks', 'regulatory', 'm_and_a', 'consumer_weakness']",0.01999999999999999,0.0,0.05,0.09999999999999998,-0.04999999999999999,0.0,0.0,0.0,0.0,0.0,-0.05000000000000002,0,0.2824427480916031,0.5,0.3076923076923077,0.307,0.667,1.0,0.05240975050229135,0.08253708955783057,0.0647568609114273,0.014702608346982306,1.0,1.0,1.0,0.0,0.0,0.011878444237224,0.0041087100917656,0.0080438468855634,0.0068629799914634,0.0601033634473986,0.0816326530612245,0.1273721516307888,0.1452650602092988,1,1,train
JPM,Q4-2024,2025-01-15,0.45,0.3,0.39,bullish,0.72,0.25,5,5,1.0,mixed,0,5,1,1,8,3,0.15000000000000002,3,0,0,0,1,1,0,2,3,0,0,0,0,0,0,0,0,0,0,0,1,0,1,0,0,0,1,1,1,0,0,1,0,0,0,0,0,0,"['Firm reported Q4 net income of $14B, EPS of $4.81 on revenue of $43.7B, ROTCE of 21%; full-year net income of $54B, EPS of $18.22, revenue of $173B, ROTCE of 20%', 'CIB IB fees up 49% YoY with #1 wallet share of 9.3% for 2024; advisory up 41%, debt underwriting up 56%, equity underwriting up 54%', 'Markets total revenue of $7B, up 21% YoY; Fixed Income up 20%, Equities up 22% on elevated client activity', 'AWM AUM reached $4 trillion and client assets $5.9 trillion, both up 18% YoY; record long-term net inflows of $234B for full year 2024', 'CET1 ratio of 15.7%, up 40 bps QoQ; $4B of net common share repurchases in Q4; management signaled intent to arrest excess capital growth via increased buybacks']","['2025 NII ex Markets guided to ~$90B, implying a YoY decline from 2024 levels, with NII trough expected mid-year driven by rate cuts and deposit margin compression', 'CCB Banking & Wealth Management revenue down 7% YoY on deposit margin compression and lower deposits; NII ex Markets down $548M or 2% YoY in Q4', 'Card net charge-offs up $428M YoY to $2.1B; net reserve build of $557M driven by higher revolving balances; 2025 Card NCO rate guided at ~3.6%', 'Loan growth not materializing despite improved business sentiment post-election; wholesale and commercial loans down 1-2% QoQ; management cited wide-open capital markets and residual policy uncertainty as headwinds', '2025 expenses guided to ~$95B, up meaningfully YoY, driven by volume/revenue-related costs, tech investment, marketing, and inflation; management flagged tension between investment spend and efficiency']","['margins', 'margins', 'demand', 'demand', 'margins']","['margin_pressure', 'enterprise_demand', 'macro_headwinds', 'buybacks', 'guidance_beat', 'regulatory', 'capital_expenditure', 'consumer_weakness']",0.14,0.10000000000000003,0.19999999999999998,0.0,0.04999999999999999,0.0,0.0,0.0,0.0,0.0,-0.09999999999999995,0,0.33969465648854963,0.8,0.35714285714285715,0.398,1.0,1.0,0.037751392318766896,0.05019378479134273,0.14526506020929886,0.013028910783639693,2.0,2.0,0.0,0.0,0.0,0.0091915731834932,0.0192315268194833,0.0139688194154561,0.0415700575333704,0.0674441871858757,0.1009949848195319,0.025454010932757,-0.0821223183040421,1,1,train
JPM,Q1-2025,2025-04-11,0.2,-0.1,0.08,slightly_bullish,0.65,0.2,5,5,1.0,reaffirmed,0,3,0,0,8,3,0.30000000000000004,3,0,0,0,1,1,0,1,1,0,0,2,0,0,0,1,0,0,0,1,1,0,1,0,0,0,1,1,0,0,0,0,0,0,0,0,0,0,"['Firm reported net income of $14.6B, EPS of $5.07 on revenue of $46B with ROTCE of 21%, up 8% YoY', 'Markets revenue up 21% YoY to record performance; Equities up 48% YoY on elevated volatility and strong derivatives monetization', 'IB fees up 12% YoY with #1 wallet share at 9%; Advisory up 16%, Debt underwriting up 16%', 'AWM AUM reached $4.1T and client assets $6T, both up 15% YoY; long-term net inflows of $54B in the quarter', 'Firm distributed $11B of capital to shareholders including $7.1B of net common share repurchases; CET1 ratio of 15.4% with $30B-$60B of estimated excess capital']","['Reserve build of $973M driven by increased probability weightings on downside scenarios; weighted average unemployment embedded in allowance raised to 5.8% from 5.5%, reflecting significantly elevated macro uncertainty', 'JPMorgan economist puts recession probability at ~50/50; Jamie Dimon expects S&P earnings estimates to move from +5% to 0% or negative, with many companies likely to pull guidance', 'IB pipeline conversion at risk as corporate clients shift to wait-and-see mode on tariff uncertainty; equity underwriting fees already down 9% YoY on challenging market conditions', 'NII ex Markets faces headwind from rate curve now pricing ~3 cuts vs. 1 cut previously; lower front-end rates mechanically pressure asset-sensitive balance sheet', 'Geopolitical and trade war risk could put JPMorgan in the crosshairs internationally; Jamie Dimon acknowledged some clients or countries may feel differently about American banks']","['macro', 'macro', 'demand', 'margins', 'geopolitical']","['ai', 'margin_pressure', 'tariffs', 'enterprise_demand', 'macro_headwinds', 'buybacks', 'regulatory', 'geopolitical']",-0.31,-0.25,-0.4,-0.06999999999999995,-0.04999999999999999,0.0,0.0,0.0,0.0,0.0,0.15000000000000002,0,0.10687022900763359,0.1,0.2857142857142857,0.118,0.5,1.0,0.12326420482538403,0.05535273066446855,-0.00923467234527231,0.03392276634393735,0.0,0.0,5.0,0.0,0.0,-0.0039732604330091,-0.0067740700672721,0.0257237591264465,0.0037065028686826,0.0418256698918453,0.1317315560923355,0.0622999739876273,0.2235727432336176,1,0,train
NKE,Q3-2024,2024-03-21,-0.15,-0.1,-0.13,slightly_bearish,0.62,0.35,5,5,1.0,mixed,0,4,1,1,8,3,-0.04999999999999999,1,1,1,1,1,0,0,1,2,0,0,1,0,0,1,0,0,0,0,0,0,1,0,0,0,0,0,1,1,1,0,0,0,1,1,0,0,1,"['Gross margins expanded 150 bps to 44.8%, driven by strategic pricing, lower ocean freight rates and supply chain efficiency; ex-restructuring EPS of $0.98, up 24% YoY', 'North America Q3 revenue grew 3%, with EBIT up 18% on a reported basis, exceeding internal expectations with lighter markdowns than competitors', 'Performance footwear grew high single digits with double-digit growth in $100+ franchises including Kobe, Ja, Metcon, Motiva, Structure and Vomero; basketball returned to strong double-digit growth', 'Won German Football Federation kit contract starting 2027, beating out competitors in a competitive pitch', 'New and updated footwear models now represent a majority of top 20 growing footwear franchises; new products on track to generate a multibillion-dollar annual run rate']","[""Q4 revenue guided to 'up slightly' with H1 FY25 revenue expected to be down low single digits due to franchise lifecycle management headwinds outpacing new product scaling"", 'EMEA Q3 revenue declined 4%, falling short of internal expectations amid increased macro volatility and softening consumer demand; NIKE Digital EMEA down 10%', 'NIKE Digital down 4% globally in Q3 with further near-term headwinds expected as franchise lifecycle management disproportionately impacts the digital channel', 'Approximately $403M in restructuring charges incurred in Q3 ($450M total expected in H2), impacting reported EPS and SG&A; reported diluted EPS of $0.77 vs. $0.98 ex-charges', 'Higher markdowns, worsening FX headwinds (1 point negative impact on Q4 reported revenue), and reduced channel mix benefits from franchise lifecycle management partially offsetting gross margin expansion']","['demand', 'macro', 'margins', 'execution', 'margins']","['inventory', 'product_launch', 'macro_headwinds', 'margin_expansion', 'currency_fx', 'restructuring', 'layoffs', 'consumer_weakness']",,,,,,,,,,,,0,0.0648854961832061,0.5555555555555556,0.07692307692307693,,,,0.005585516117518008,-0.03885053822159401,-0.17498195291113083,0.01076937007255386,0.0,0.0,0.0,0.0,0.0,0.0015909005030745,-0.0011718510280772,-0.0156732638998844,-0.0138505220237288,0.0315582400435737,0.0017046417642239,-0.0053561090382814,0.0393109930168509,1,1,train
NKE,Q4-2024,2024-06-27,-0.45,-0.35,-0.41,bearish,0.52,0.45,5,5,1.0,lowered,-1,5,0,2,8,3,-0.10000000000000003,1,1,0,0,1,0,1,2,1,0,0,1,0,0,0,0,0,0,1,0,0,1,0,0,0,0,0,1,1,1,0,0,1,0,0,0,0,1,"['Q4 diluted EPS of $0.99, up 50% versus prior year; full-year EPS grew 15%', 'Gross margins expanded 110 basis points to 44.7% in Q4, driven by strategic pricing actions, lower ocean freight rates and improved supply chain efficiency', ""Performance business grew double digits in Q4 across men's, women's, kids' and Jordan, across all channels and geographies, with basketball up double digits and fitness apparel up double digits"", 'Full-year cash flow from operations was $7.4 billion, up 27% versus prior year; inventory declined 11% with continued improvement in days in inventory', ""Save-to-invest initiative unlocked ~$1 billion reallocation into consumer-facing activities for fiscal '25, including running ground game, design, sports marketing and brand campaigns""]","[""Fiscal '25 reported revenue now expected to be down mid-single digits, with Q1 expected down approximately 10% — a significant cut from prior guidance of down low single digits in H1"", 'NIKE Digital declined 10% in Q4 on softer traffic, higher promotions and lower sales of classic footwear franchises; digital headwinds expected to persist, especially in H1 FY25', ""Lifestyle business declined across men's, women's and Jordan in Q4, more than offsetting strong performance growth; planned aggressive supply reductions of largest classic franchises will create several points of revenue headwind in FY25"", 'Greater China brick-and-mortar traffic declined as much as double digits versus prior year; macro outlook for China softened with promotional marketplace persisting', 'Foreign exchange headwinds worsened, now expected to create a 1-point translational revenue headwind in FY25, up from prior expectations']","['demand', 'demand', 'margins', 'macro', 'other']","['inventory', 'product_launch', 'macro_headwinds', 'guidance_miss', 'margin_expansion', 'currency_fx', 'china_exposure', 'consumer_weakness']",-0.27999999999999997,-0.30000000000000004,-0.24999999999999997,-0.09999999999999998,0.10000000000000003,0.0,0.0,0.0,-1.0,0.0,-0.050000000000000044,-1,0.015267175572519083,0.1111111111111111,0.07142857142857142,0.238,0.75,2.0,-0.014439734146671435,0.027805334514732216,0.004547850908964923,0.012177977690339507,1.0,3.0,0.0,-2.0,0.0,0.0173130771838825,0.0193710800691173,-0.0511044439190403,-0.0307816081715347,-0.0098519553077003,-0.0139312028472463,0.1386797804097592,0.1919722300401043,0,1,train
NKE,Q1-2025,2024-10-01,-0.35,-0.3,-0.33,bearish,0.45,0.3,5,5,1.0,mixed,0,4,0,3,8,3,-0.04999999999999999,0,1,2,0,1,0,0,1,1,0,0,1,1,0,1,0,0,0,1,0,0,0,1,0,0,0,0,1,1,1,1,0,0,0,0,0,1,1,"['Gross margins expanded 120 bps to 45.4%, driven by lower product costs, lower warehousing/logistics costs, and strategic pricing benefits', ""New footwear products revenue up strong double digits YoY in Q1; Sabrina grew ~5x, Kobe nearly 4x, Alphafly nearly 3x, and 'look of running' lifestyle segment grew more than 4x over the past year"", ""Running specialty partners in North America up double digits in Q1, with holiday and spring order books sustaining that momentum; men's and women's running footwear returned to positive growth in Q1"", ""Pegasus 41 launch delivered mid-teens growth above prior Pegasus model; spring '25 running footwear units in order books growing double digits"", ""NIKE owned over 60% of total share of voice during Paris Olympics; Jordan's first Twitch livestream drove over 10 million views, the biggest ever activation for any brand on the platform""]","['Q1 revenue declined 10% reported / 9% currency-neutral; NIKE Digital down 20%, NIKE Direct down 12%, Wholesale down 7%; traffic declines across NIKE Direct more significant than anticipated', ""Full-year guidance withdrawn due to CEO transition; Investor Day postponed; spring '25 order books came in roughly flat vs. prior year, slightly lighter than planned"", 'Q2 gross margins guided down ~150 bps due to higher promotions, channel mix headwinds, and supply chain deleverage; full-year gross margins now expected to decline vs. prior year', 'Greater China Q1 revenue down 3% with NIKE Digital down 34% and NIKE Direct down 16%; elevated marketplace inventory in an already promotional environment; near-term outlook moderated', 'East Coast port strike flagged as a potential unquantified risk to near-term supply chain and margins; not yet baked into guidance']","['demand', 'execution', 'margins', 'macro', 'supply_chain']","['customer_wins', 'margin_pressure', 'supply_chain', 'inventory', 'product_launch', 'macro_headwinds', 'china_exposure', 'consumer_weakness']",0.07999999999999996,0.10000000000000003,0.04999999999999999,-0.07,-0.15000000000000002,0.0,0.0,0.0,1.0,0.0,0.050000000000000044,-1,0.022900763358778626,0.2222222222222222,0.07142857142857142,0.292,0.6,3.0,0.019094426431440548,0.07450269752755534,0.17737463502737416,0.017819113520129305,1.0,1.0,3.0,0.0,0.0,-0.0102053778393814,-0.0120337725992136,-0.0223773313244595,-0.007822037755208,-0.0714544037726252,-0.0718413581143064,-0.1401516066175527,-0.1089530169094024,0,0,train
NKE,Q2-2025,2024-12-19,-0.35,-0.25,-0.31,bearish,0.55,0.2,5,5,1.0,lowered,-1,4,0,3,8,3,-0.09999999999999998,1,1,1,1,1,0,0,1,2,0,0,1,0,0,0,0,0,0,1,0,0,0,1,0,1,0,0,1,0,1,1,0,0,1,0,0,0,1,"['North America Black Friday week was the largest demand week ever on NIKE Digital, with sales up double digits', ""Kobe became North America's largest signature franchise with demand far exceeding available supply; Sabrina 2 ranked as the NBA's second most worn sneaker this season"", ""Sport performance fields of play grew year-over-year, with men's training up high teens, women's training up high single digits, and women's basketball up strong double digits"", 'EMEA repositioned NIKE Digital as a premium platform with a strong double-digit decline in off-price sales and full price realization improving', ""Greater China 11/11 performance exceeded plan; Pegasus 41 topped women's running sales charts""]","['Q2 revenues declined 8% reported / 9% currency-neutral; NIKE Direct down 14%, NIKE Digital down 21%; gross margins contracted 100 bps to 43.6% due to higher markdowns and wholesale discounts', 'Q3 revenues guided down low double digits with gross margins expected down 300–350 bps, and Q4 headwinds expected to be even larger than Q3 across revenue, margins, and demand creation', 'NIKE Digital operating at roughly 50% full-price / 50% promotional mix, eroding channel profitability and disrupting the broader marketplace', 'Greater China revenue declined 11% with EBIT down 27% on a reported basis amid retail traffic declines, a difficult macro environment, and intensifying local and international competition requiring higher markdown activity', ""Inventory elevated above desired levels, especially in North America and Greater China; summer '25 order books down versus prior year as company accelerates franchise supply reduction""]","['margins', 'demand', 'margins', 'macro', 'inventory']","['customer_wins', 'margin_pressure', 'inventory', 'product_launch', 'macro_headwinds', 'cost_cutting', 'china_exposure', 'restructuring']",0.020000000000000018,0.0,0.04999999999999999,0.10000000000000003,-0.09999999999999998,0.0,0.0,0.0,-1.0,0.0,-0.04999999999999999,-2,0.030534351145038167,0.3333333333333333,0.07142857142857142,0.371,0.75,1.0,-0.011031446832580283,0.04848475001239971,-0.10432823704629024,0.014811687807548284,2.0,0.0,2.0,2.0,1.0,-0.0083278638468526,-0.0023395407103581,-0.0248071860800228,-0.0297636573498458,-0.0722533551560408,-0.0438004929585954,-0.105973869262736,-0.1412433851785089,0,0,train
NKE,Q3-2025,2025-03-20,-0.25,-0.1,-0.19,slightly_bearish,0.62,0.25,5,5,1.0,mixed,0,4,0,3,8,3,-0.15,0,1,2,1,1,0,0,2,1,0,0,0,1,0,1,0,0,0,1,1,0,0,1,0,0,0,0,1,0,1,0,0,0,1,0,0,0,1,"['Running grew mid-single digits in Q3, with Vomero 18 launching across 1,800+ doors and Peg Premium seed pairs nearly selling out in North America; plans to double Vomero 18 distribution by mid-April', 'Vomero 5 doubled its revenue in Q3; Nike Shox grew revenue by over 10x in the last 3 quarters, signaling early sportswear diversification traction', '24/7 apparel collection first-month sales exceeded expectations with capacity being ramped up to meet demand', 'NIKE Digital North America reduced promotional days from 30+ in Jan-Feb 2024 to zero in Jan-Feb 2025, resulting in several percentage point improvement in full-price demand', 'Demand creation expenses grew high single digits (~8%) YoY, driving outsized brand impact at Super Bowl and NBA All-Star Weekend; NIKE San Francisco flagship had its best commercial day in 10 years']","['Total revenues declined 9% reported / 7% currency-neutral in Q3; double-digit declines in January and February following a strong December holiday period', 'Gross margins declined 330 bps to 41.5% due to higher markdowns on NIKE Direct, higher wholesale discounts, inventory obsolescence, product costs, and channel mix headwinds', 'Greater China revenue declined 15% with wholesale down 18% and EBIT down 42%; traffic declined double digits and retail sales underperformed plan amid aggressive competitive and promotional dynamics', ""Q4 revenue guided down mid-teens range with gross margins expected down 400-500 bps; digital traffic expected down double digits in fiscal '26 as NIKE repositions its digital business"", ""Inventory remains elevated across all geographies; Air Jordan 1 and Dunk inventory still elevated with continued liquidation actions required through H1 fiscal '26; newly implemented tariffs on imports from China and Mexico creating additional margin headwinds""]","['demand', 'margins', 'demand', 'execution', 'supply_chain']","['margin_pressure', 'tariffs', 'inventory', 'product_launch', 'macro_headwinds', 'currency_fx', 'china_exposure', 'restructuring']",0.12,0.09999999999999998,0.15,0.06999999999999995,0.04999999999999999,0.0,0.0,0.0,1.0,0.0,-0.05000000000000002,-2,0.04580152671755725,0.4444444444444444,0.07142857142857142,0.347,0.5,1.0,-0.010737862666512332,-0.059342095308413056,-0.06445975399238513,0.01814808081226672,1.0,1.0,2.0,0.0,0.0,-0.026003856021631,-0.0080954122467097,-0.0536902838400937,-0.0684426959351648,-0.0950148105352741,-0.1601412406258119,-0.1667211150251799,-0.0994418798899829,0,0,train
NKE,Q4-2025,2025-06-26,0.1,0.05,0.08,slightly_bullish,0.55,0.3,5,5,1.0,mixed,0,5,1,3,8,3,0.05,1,0,1,2,1,0,0,2,1,0,0,1,0,0,1,0,0,0,1,1,0,0,1,0,0,0,0,1,0,1,1,0,0,1,0,0,0,1,"['NIKE Running grew high single digits overall in Q4, with Vomero 18 becoming a $100M+ franchise in just over 90 days with strong sell-through across all geographies', 'Holiday order book is up year-over-year with growth in North America, EMEA, and APLA, signaling improving wholesale partner confidence', ""Women's basketball business expanded more than 50% for the full fiscal year; A'ja Wilson's A'One signature shoe sold out in 3 minutes on NIKE Digital in North America"", ""EMEA Sportswear grew overall in wholesale in Q4 and women's sportswear footwear returned to growth; NIKE Digital delivered double-digit increase in share of demand at full price"", ""New Amazon partnership announced for fall, featuring a dedicated brand store across running, training, basketball and sportswear; also expanded distribution with Urban Outfitters, Aritzia (200+ women's-led doors), and running specialty accounts""]","['Q4 revenues declined 12% reported / 11% currency-neutral; gross margins fell 440 bps to 40.3% driven by higher wholesale discounts, factory store discounts, supply chain cost deleverage and channel mix headwinds', ""Classic footwear franchises (Air Force 1, Dunk, AJ1) declined more than 30% in Q4, representing nearly a $1 billion revenue headwind; declines expected to continue through first half of FY'26"", ""Tariffs represent an estimated gross incremental cost increase of approximately $1 billion; expected net impact of ~75 bps to gross margin in FY'26 with greater impact in H1; Q1 alone absorbs ~100 bps tariff headwind"", 'Greater China Q4 revenue declined 20%, EBIT declined 45%; traffic remains challenged, digital remains highly promotional, and full recovery expected to take significantly longer than other geographies', ""NIKE Digital traffic expected to be down double digits throughout all of FY'26 as company repositions the channel to a full-price model; Digital declined 26% in Q4 globally""]","['margins', 'demand', 'macro', 'demand', 'execution']","['customer_wins', 'margin_pressure', 'tariffs', 'inventory', 'product_launch', 'macro_headwinds', 'china_exposure', 'restructuring']",0.27,0.35,0.15000000000000002,-0.06999999999999995,0.04999999999999999,0.0,0.0,0.0,0.0,0.0,0.2,-2,0.10687022900763359,0.6666666666666666,0.07142857142857142,0.32,0.75,0.0,0.050915828889132264,0.001999280774254375,-0.04235454638572944,0.01834159955652675,2.0,0.0,2.0,2.0,0.0,-0.0186621935096679,-0.0138810880205407,0.0529430982513992,0.0623265295381856,0.0542183759159224,0.0873126389597078,-0.1121673344029564,-0.0328957585420587,1,0,train
NVDA,Q4-2024,2024-02-21,0.92,0.78,0.864,very_bullish,0.93,0.1,5,5,1.0,raised,1,3,2,0,12,3,0.14,2,1,1,0,0,1,0,0,1,1,0,0,1,1,1,1,1,1,1,0,1,1,0,0,0,0,1,0,0,1,1,1,0,0,0,0,1,0,"['Q4 revenue of $22.1B, up 265% YoY and 22% sequentially, well above the $20B guidance outlook', 'Data Center revenue of $18.4B in Q4, up 409% YoY and 27% sequentially, with compute revenue growing more than 5x YoY', 'Non-GAAP gross margins expanded to 76.7% in Q4 on strong Data Center mix and favorable component costs', 'Software and services offerings reached an annualized revenue run rate of $1 billion in Q4, with NVIDIA AI Enterprise priced at $4,500 per GPU per year', 'Returned $9.9B to shareholders in fiscal 2024, including $9.5B in share repurchases; $2.8B returned in Q4 alone']","['China Data Center revenue declined significantly following U.S. export control regulations imposed in October 2023; China now only a mid-single-digit percentage of Data Center revenue and expected to remain so in Q1', 'Next-generation products (H200, Blackwell) expected to be supply constrained as demand far exceeds supply, limiting near-term revenue capture', 'Gross margins expected to decline from Q4/Q1 peak of ~77% back to mid-70s range for the remainder of fiscal 2025 due to product mix shifts', 'Large cloud providers represent more than half of Data Center revenue, creating meaningful customer concentration risk', 'Fiscal year 2025 GAAP and non-GAAP operating expenses expected to grow in the mid-30% range, reflecting significant reinvestment pressure on earnings']","['regulatory', 'supply_chain', 'margins', 'customer_concentration', 'execution']","['margin_expansion', 'ai', 'regulatory', 'customer_wins', 'supply_chain', 'enterprise_demand', 'product_launch', 'buybacks', 'guidance_beat', 'data_center', 'cloud', 'china_exposure']",,,,,,,,,,,,1,0.9732824427480916,0.7222222222222222,1.0,,,,-0.06455196113286077,0.13105583206454163,0.36877633014032285,0.024708166925231565,0.0,0.0,0.0,0.0,0.0,0.0028626082975982,0.0035523477999861,0.0061657328646074,0.0073086255973555,0.1704030855567073,0.2006088933696894,0.1617818343940298,0.209025622861311,1,1,train
NVDA,Q1-2025,2024-05-22,0.92,0.78,0.864,very_bullish,0.95,0.08,5,5,1.0,raised,1,5,4,1,8,3,0.14,2,1,1,0,0,1,0,0,1,1,1,0,2,0,0,1,1,1,1,0,0,0,1,0,0,0,0,0,0,1,1,0,0,0,0,0,1,0,"['Q1 revenue of $26B, up 262% YoY and up 18% sequentially, well above the $24B outlook', 'Data Center revenue of $22.6B, a record, up 427% YoY and up 23% sequentially, driven by Hopper GPU demand', 'Non-GAAP gross margins expanded to 78.9% on lower inventory costs, with GAAP gross margins at 78.4%', 'Returned $7.8B to shareholders via share repurchases and dividends in Q1; announced 10-for-1 stock split and 150% dividend increase', 'Spectrum-X Ethernet networking solution ramping with multiple customers including a 100,000 GPU cluster; expected to become a multibillion-dollar product line within a year']","['Data Center revenue in China is down significantly from pre-October export control levels; market expected to remain very competitive going forward', ""Gross margins guided to step down to 74.8% GAAP / 75.5% non-GAAP in Q2, with full-year expected in the mid-70s, a meaningful sequential compression from Q1's 78.9%"", 'H200 and Blackwell supply constrained; demand expected to exceed supply well into next year, risking customer delivery delays', 'InfiniBand networking experienced a modest sequential decline in Q1 due to supply timing, though demand remained ahead of shipments', 'Cloud hyperscalers and large customers developing custom ASICs internally, representing potential long-term competitive pressure on GPU demand']","['regulatory', 'margins', 'supply_chain', 'supply_chain', 'competition']","['ai', 'customer_wins', 'supply_chain', 'margin_pressure', 'product_launch', 'data_center', 'cloud', 'china_exposure']",0.0,0.0,0.0,0.019999999999999907,-0.020000000000000004,0.0,0.0,0.0,0.0,0.0,0.0,2,0.9732824427480916,0.7222222222222222,1.0,0.315,0.75,1.0,0.003381479498520079,0.1519842915615397,0.209025622861311,0.026506952522285132,2.0,0.0,1.0,2.0,1.0,0.0191064539912753,0.0257227263601242,0.0535240959635552,0.0562047204369635,0.175631841468367,0.2148511451027286,0.1742357436061641,0.2464532004850903,1,1,train
NVDA,Q2-2025,2024-08-28,0.88,0.72,0.816,very_bullish,0.9,0.15,5,5,1.0,raised,1,4,3,1,8,3,0.16000000000000003,2,1,1,0,0,1,0,0,2,1,0,0,1,0,1,1,0,1,1,0,0,0,1,0,0,0,1,0,0,1,1,0,0,0,0,0,1,0,"['Q2 revenue of $30B, up 122% YoY and 15% sequentially, well above $28B guidance', 'Data Center revenue of $26.3B, a record, up 154% YoY and 16% sequentially, driven by Hopper GPU and networking demand', 'Non-GAAP gross margins of 75.7%; cash flow from operations of $14.5B in Q2', 'Ethernet for AI (Spectrum-X) revenue doubled sequentially with hundreds of customers; on track to be a multibillion-dollar product line within a year', 'Board approved new $50B share repurchase authorization on top of remaining $7.5B; $7.4B returned to shareholders in Q2 via buybacks and dividends']","[""Blackwell GPU mask change required to improve production yields; Blackwell production ramp delayed to Q4, with only 'several billion dollars' of revenue expected in Q4"", 'GAAP and non-GAAP gross margins guided lower sequentially to 74.4%/75.0% in Q3, with further pressure expected in Q4 due to new product mix shifts and inventory provisions for low-yielding Blackwell material', ""China Data Center revenue remains below pre-export-control levels as a percentage of total; market expected to remain 'very competitive' going forward"", 'Demand for Blackwell platforms is well above supply and expected to remain constrained into next year, creating potential fulfillment risk', 'Full-year operating expenses expected to grow in the mid- to upper 40% range, reflecting significant R&D investment in next-generation products']","['execution', 'margins', 'regulatory', 'supply_chain', 'margins']","['ai', 'customer_wins', 'supply_chain', 'margin_pressure', 'product_launch', 'buybacks', 'data_center', 'china_exposure']",-0.04800000000000004,-0.040000000000000036,-0.06000000000000005,-0.04999999999999993,0.06999999999999999,0.0,0.0,0.0,0.0,0.0,0.020000000000000018,3,0.916030534351145,0.3888888888888889,0.9285714285714286,0.325,0.75,0.0,-0.022490183035758338,0.2109322857437621,0.09401555074468226,0.04791662377395178,2.0,2.0,1.0,0.0,0.0,0.0055910366584623,0.0151373602691224,-0.0933011424592019,-0.1255207938448308,0.002077807084805,0.0328292912685792,0.0752573983018114,0.1510467028030822,1,1,train
NVDA,Q3-2025,2024-11-20,0.88,0.72,0.816,very_bullish,0.9,0.15,5,5,1.0,raised,1,5,2,1,8,3,0.16000000000000003,3,0,0,0,1,1,0,1,1,1,0,0,1,0,1,1,0,1,1,0,0,0,1,0,0,0,0,0,0,1,1,1,0,0,0,0,1,0,"['Total revenue of $35.1B, up 17% sequentially and 94% YoY, well above the $32.5B outlook', 'Data Center revenue hit a record $30.8B, up 17% sequentially and 112% YoY; H200 sales ramped to double-digit billions, the fastest product ramp in company history', 'Automotive revenue hit a record $449M, up 30% sequentially and 72% YoY on NVIDIA Orin demand', 'Returned $11.2B to shareholders via share repurchases and cash dividends in Q3', 'Software, services, and support revenue annualizing at $1.5B with expectation to exit the year annualizing at over $2B; NVIDIA AI Enterprise full-year revenue expected to grow over 2x YoY']","['Blackwell gross margins expected to compress to the low 70s (71–72.5%) during the initial ramp, down from the current 75% non-GAAP level, before recovering to mid-70s', 'Gaming Q4 revenue expected to decline sequentially due to supply constraints, as manufacturing capacity is being prioritized toward Data Center', ""China data center revenue remains well below pre-export-control levels as a percentage of total; market expected to remain 'very competitive' going forward under ongoing export restrictions"", 'Blackwell demand significantly exceeds supply; complex multi-chip, multi-configuration system integration creates execution risk across a global supply chain involving dozens of partners', 'Networking revenue declined ~15% sequentially in Q3, though management attributed it to timing ahead of Blackwell ramp rather than demand weakness']","['margins', 'supply_chain', 'regulatory', 'execution', 'demand']","['ai', 'customer_wins', 'supply_chain', 'margin_pressure', 'product_launch', 'guidance_beat', 'data_center', 'china_exposure']",0.0,0.0,0.0,0.0,0.0,0.0,0.0,0.0,0.0,0.0,0.0,4,0.916030534351145,0.3888888888888889,0.9285714285714286,0.357,0.8,0.0,-0.002597851212932434,0.016017823260813913,0.17910531544197794,0.023861741102478504,1.0,1.0,2.0,0.0,0.0,-0.0352806473773595,-0.032181159001723,-0.0723656000640312,-0.0574077456546932,-0.0527503703059548,-0.0476606037141633,-0.1097037794128856,-0.1048677947473839,0,0,train
NVDA,Q4-2025,2025-02-26,0.85,0.72,0.798,very_bullish,0.9,0.15,5,5,1.0,raised,1,5,3,1,8,3,0.13,2,0,1,0,1,1,0,0,1,1,0,1,1,0,1,1,0,1,1,1,0,0,1,0,0,0,0,0,0,1,0,1,0,0,0,0,1,0,"['Q4 revenue of $39.3B, up 78% YoY and 12% sequentially, beating the $37.5B outlook; FY2025 revenue of $130.5B, up 114% YoY', 'Data Center revenue of $35.6B in Q4, up 93% YoY and 16% sequentially — a record; FY2025 Data Center revenue of $115.2B, more than doubling YoY', 'Blackwell delivered $11B in revenue in Q4, described as the fastest product ramp in company history, exceeding internal expectations', 'Automotive revenue hit a record $570M in Q4, up 103% YoY and 27% sequentially; FY2025 automotive revenue of $1.7B up 55% YoY, with $5B guided for FY2026', 'Returned $8.1B to shareholders via share repurchases and cash dividends in Q4']","['Non-GAAP gross margins of 73.5% declined sequentially and are guided to remain in the low 70s during Blackwell ramp, with Q1 guided at 71% non-GAAP — a meaningful step down from prior mid-70s levels', 'Gaming revenue of $2.5B declined 22% sequentially and 11% YoY due to supply constraints, though management expects recovery in Q1', ""China data center revenue remains well below pre-export-control levels at roughly half of prior share, with management flagging a 'very competitive' market and no expected recovery absent regulatory change"", ""Tariff impact on semiconductors acknowledged as 'unknown' by CFO, with timing, scope, and magnitude still unclear — a potential headwind to gross margin trajectory"", 'Networking revenue declined 3% sequentially as the company transitions from NVLink 8/InfiniBand to NVLink 72/Spectrum-X architecture, creating a near-term revenue gap']","['margins', 'supply_chain', 'regulatory', 'macro', 'execution']","['ai', 'supply_chain', 'margin_pressure', 'tariffs', 'product_launch', 'guidance_beat', 'data_center', 'china_exposure']",-0.017999999999999905,-0.030000000000000027,0.0,0.0,0.0,0.0,0.0,0.0,0.0,0.0,-0.030000000000000027,5,0.8816793893129771,0.2222222222222222,0.8571428571428571,0.412,0.8,1.0,-0.05709970676158582,0.10859653444193662,-0.10486779474738395,0.033742864983100224,2.0,0.0,2.0,2.0,1.0,0.0240948307616741,0.0397003317571338,-0.0586415525771394,-0.0797336973944783,-0.0397623344747269,-0.0871404140837697,0.1469950762055079,0.1585751333135956,0,1,train
NVDA,Q1-2026,2025-05-28,0.72,0.55,0.652,bullish,0.85,0.25,5,5,1.0,raised,1,4,2,0,8,3,0.16999999999999993,2,0,0,1,1,1,0,0,1,2,0,1,0,0,1,1,0,1,1,0,1,0,0,0,0,0,1,0,0,1,1,0,0,0,0,0,0,0,"['Total revenue of $44B, up 69% YoY, exceeding outlook; Data Center revenue of $39B grew 73% YoY driven by Blackwell ramp', 'Gaming revenue hit a record $3.8B, up 48% sequentially and 42% YoY, with Blackwell the fastest gaming GPU ramp ever', 'Networking revenue surged 64% QoQ to $5B; Spectrum-X now annualizing over $8B in revenue with Google Cloud and Meta added as new customers', 'Blackwell contributed nearly 70% of Data Center compute revenue; major hyperscalers each deploying ~1,000 NVL72 racks (~72,000 Blackwell GPUs) per week', 'Returned a record $14.3B to shareholders via share repurchases and dividends in Q1']","['H20 export ban resulted in a $4.5B inventory/purchase obligation write-down and inability to ship $2.5B in Q1 revenue; Q2 outlook reflects ~$8B loss in H20 revenue with no replacement product currently available', 'China AI accelerator market (~$50B TAM) effectively closed to NVIDIA with no compliant product to offer; foreign competitors stand to benefit', 'GAAP and non-GAAP gross margins compressed to 60.5% and 61% respectively in Q1 due to the $4.5B H20 charge; underlying margins of 71.3% only slightly above outlook', 'Tariff-related uncertainty temporarily impacted Pro Visualization demand in Q1; revenue flat sequentially at $509M', ""GB200 NVL rack systems described as 'complex to build,' with manufacturing yields and rack shipment ramp still in progress, creating execution risk on the Blackwell transition""]","['regulatory', 'regulatory', 'margins', 'macro', 'execution']","['ai', 'regulatory', 'customer_wins', 'product_launch', 'buybacks', 'data_center', 'sovereign_ai', 'china_exposure']",-0.14600000000000002,-0.13,-0.16999999999999993,-0.050000000000000044,0.1,0.0,0.0,0.0,0.0,0.0,0.039999999999999925,6,0.6106870229007634,0.1111111111111111,0.6666666666666666,0.169,1.0,1.0,0.0031998989625143803,0.23986024523548788,0.026983583288337165,0.02192504926260932,2.0,0.0,3.0,2.0,1.0,-0.0280502525633191,-0.0291687093816788,0.0006632770562644,0.0057475997024936,0.0849358253518948,0.1351460617532804,0.1914850154687333,0.2945075482408783,1,0,train
PLTR,Q4-2023,2024-02-05,0.78,0.72,0.756,very_bullish,0.88,0.1,5,5,1.0,raised,1,5,4,0,8,3,0.06000000000000005,1,1,0,1,1,0,0,2,0,0,0,1,0,0,1,1,0,1,0,0,0,1,0,0,0,0,0,0,0,1,1,1,0,0,0,0,0,0,"['Q4 U.S. commercial revenue grew 70% YoY and 12% sequentially to $131M; full year U.S. commercial revenue grew 36% YoY to $457M', 'Q4 commercial TCV booked was $699M — highest commercial TCV quarter in company history — up 156% YoY and 74% sequentially', 'Adjusted operating margin expanded to 34% in Q4, fifth consecutive quarter of expansion; Rule of 40 score jumped 800 bps sequentially to 54', 'Generated $305M in adjusted free cash flow in Q4 (50% margin) and $731M for full year; fifth consecutive quarter of GAAP profitability with $210M full-year GAAP net income', 'U.S. commercial customer count grew 55% YoY and 22% sequentially to 221 customers; closed 103 deals over $1M in Q4 alone, including multiple deals over $25M each']","[""U.S. government revenue grew only 6% YoY and 3% sequentially to $237M in Q4, described as 'muted' due to continuing resolution and timing of large contract awards"", 'Revenue from strategic commercial contracts expected to decline from ~4% of 2023 revenue to ~2% of 2024 revenue, with Q1 2024 contribution dropping to $14-16M from $33M in Q1 2023', ""International commercial revenue grew only 11% YoY vs. 70% for U.S. commercial; management acknowledged Europe is 'not going to engage in this revolution'"", 'Management acknowledged need to rebuild internal go-to-market infrastructure and scale sales force to meet AIP demand — execution risk in rapid scaling', 'DoD monetization of battlefield AI deployments (Israel, Ukraine, CENTCOM) expected to take time; Army spending only 0.015% of budget on C2 software in FY24']","['demand', 'other', 'demand', 'execution', 'macro']","['ai', 'customer_wins', 'enterprise_demand', 'product_launch', 'guidance_beat', 'data_center', 'margin_expansion', 'geopolitical']",,,,,,,,,,,,1,0.8206106870229007,0.1111111111111111,1.0,,,,-0.02165013668401694,0.02892303466796875,-0.06956038106640638,0.026648926595532307,0.0,0.0,0.0,0.0,0.0,0.0707633784476688,0.0791037711865478,0.0976484708259843,0.0978509056940415,0.1677088085063975,0.2098764549201612,-0.0716278121586246,-0.0214906814205499,1,1,train
PLTR,Q1-2024,2024-05-06,0.82,0.7,0.772,very_bullish,0.92,0.1,5,5,1.0,raised,1,4,3,0,8,3,0.12,2,1,0,1,1,0,0,2,0,0,0,1,1,0,1,1,0,0,0,0,0,1,0,0,0,0,0,1,0,1,1,1,0,0,0,0,0,0,"['Q1 revenue of $634M, up 21% YoY, exceeding the high end of prior guidance; sixth consecutive quarter of GAAP profitability with record GAAP net income of $106M', 'U.S. commercial revenue grew 40% YoY and 14% QoQ to $150M; excluding strategic contracts, grew 68% YoY and 22% QoQ — surpassing international commercial revenue for the first time', 'Adjusted operating margin expanded to 36%, Rule of 40 Score hit 57 (up 3 points sequentially), marking the sixth consecutive quarter of expanding adjusted operating margins', 'Commercial TCV booked was $505M, up 187% YoY; U.S. commercial TCV booked was $286M, up 131% YoY; U.S. commercial customer count grew 69% YoY and 19% QoQ to 262 customers', 'Awarded $178M sole-prime contract by U.S. Army for next-generation TITAN targeting node — first time a software company has won a prime contract for a hardware system']","[""International commercial revenue declined 3% sequentially to $149M due to continued headwinds in Europe; CEO acknowledged Europe is 'gliding towards 0% GDP growth' with no easy remedy"", 'Revenue from strategic commercial contracts expected to decline sharply to $7M–$9M in Q2 2024 vs. $19M in Q2 2023, creating a near-term revenue headwind', 'International government revenue declined 9% sequentially to $79M due to Q4 revenue catch-up and continued European headwinds', ""Management acknowledged the U.S. commercial sales motion is still early and imperfect — 'we have not cracked the sales motion' — suggesting execution risk as the company scales"", 'Scalability constraint: limited number of Palantir software engineers constrains ability to serve a rapidly growing customer base; company is relying on customers to self-serve via AIP platform']","['macro', 'demand', 'demand', 'execution', 'supply_chain']","['ai', 'customer_wins', 'enterprise_demand', 'product_launch', 'macro_headwinds', 'guidance_beat', 'margin_expansion', 'geopolitical']",0.016000000000000014,0.039999999999999925,-0.020000000000000018,0.040000000000000036,0.0,0.0,0.0,0.0,0.0,0.0,0.05999999999999994,2,0.8396946564885496,0.2777777777777778,1.0,0.291,0.75,1.0,0.10424875903285802,0.09799651958704247,0.507775126781081,0.02822056069976289,4.0,0.0,1.0,4.0,1.0,0.0073799715309621,0.0074766285170195,-0.0100425175338774,0.001869201693476,0.0778033972675058,0.1116823055888078,0.2237317460135328,0.2299065497194548,1,1,train
PLTR,Q2-2024,2024-08-05,0.82,0.7,0.772,very_bullish,0.88,0.1,5,5,1.0,raised,1,4,3,0,8,3,0.12,2,1,0,1,1,0,0,1,1,0,0,0,0,1,1,1,0,1,0,0,0,1,0,0,0,0,0,0,0,1,1,1,0,0,0,0,0,0,"['Q2 revenue of $678M grew 27% YoY and 7% sequentially, exceeding the high end of prior guidance by 5%; excluding strategic commercial contracts, growth accelerated to 30% YoY and 10% sequentially', 'U.S. commercial revenue grew 55% YoY (70% ex-strategic contracts) to $159M; U.S. commercial TCV booked surged 152% YoY to $262M; U.S. commercial customer count grew 83% YoY to 295 customers', 'Record GAAP net income of $134M (20% margin) and record GAAP operating income of $105M (16% margin); seventh consecutive quarter of GAAP profitability; adjusted operating margin expanded to 37%, Rule of 40 score reached 64', 'U.S. government revenue grew 24% YoY and 8% sequentially to $278M; strongest U.S. government bookings quarter since 2022; awarded CDAO Maven contract with initial $153M order and up to $480M over 5 years', 'Total TCV booked of $946M, up 47% YoY; 27 deals worth $10M or more closed in Q2; net dollar retention increased 300 bps sequentially to 114%; total remaining deal value of $4.3B, up 26% YoY']","['International commercial revenue grew only 15% YoY and declined 1% sequentially to $148M due to continued headwinds in Europe, underperforming the U.S. commercial segment significantly', 'Revenue from strategic commercial contracts declining sharply — fell to $9M in Q2 and guided to $6M–$8M in Q3 vs. $15M in Q3 2023, representing a meaningful revenue headwind', 'Adjusted expenses expected to ramp through the back half of the year as the company invests in product pipeline and technical infrastructure, creating potential margin pressure relative to H1', 'Adjusted free cash flow of $144M–$149M in Q2 with full-year guidance of $800M–$1B implies significant back-half weighting dependent on government and commercial year-end collections timing', 'Geopolitical risks flagged by CEO including potential severe violent interactions in the Middle East, which could affect government contract timing and global operations']","['demand', 'customer_concentration', 'margins', 'execution', 'geopolitical']","['ai', 'customer_wins', 'enterprise_demand', 'product_launch', 'guidance_beat', 'data_center', 'margin_expansion', 'geopolitical']",0.0,0.0,0.0,-0.040000000000000036,0.0,0.0,0.0,0.0,0.0,0.0,0.0,3,0.8396946564885496,0.2777777777777778,0.9545454545454546,0.25,0.4,0.0,-0.11041358122385714,-0.11531397144454592,0.03257609221462476,0.02733638100646599,3.0,0.0,1.0,3.0,1.0,-0.0034703328748166,-0.0101542104631162,0.1048182331300691,0.1429108392348281,0.0816706043833805,0.1342609881285301,0.4627285675024959,0.5573523734403534,1,0,train
PLTR,Q3-2024,2024-11-04,0.85,0.75,0.81,very_bullish,0.9,0.1,5,5,1.0,raised,1,5,4,0,8,3,0.09999999999999998,1,1,0,1,1,0,0,2,2,0,0,0,0,0,0,1,0,1,0,0,0,1,0,0,0,0,1,0,0,1,1,1,0,0,0,0,0,0,"['Total revenue grew 30% YoY to $726M in Q3, exceeding the high end of prior guidance by ~450 bps; U.S. business grew 44% YoY', 'U.S. commercial revenue grew 54% YoY and 13% sequentially to $179M; U.S. commercial customer count grew 77% YoY to 321 customers', 'Adjusted operating margin expanded to 38%, marking the eighth consecutive quarter of margin expansion; Rule of 40 score reached 68', 'Adjusted free cash flow of $435M in Q3 (60% margin); first time ever generating over $1B in trailing 12-month adjusted FCF', 'Q3 TCV booked of $1.1B, up 33% YoY and 16% sequentially; U.S. commercial TCV of $297M; net dollar retention improved 400 bps to 118%']","['International commercial revenue grew only 3% YoY and declined 7% sequentially to $138M due to continued headwinds in Europe and a step-down in revenue from a government-sponsored enterprise in the Middle East', 'Strategic commercial contracts revenue expected to decline to $6M–$7.5M in Q4 2024 vs. $20M in Q4 2023, representing a meaningful YoY headwind', 'International government revenue declined 5% sequentially to $89M due to less favorable deal timing and Q2 revenue catch-up effects', 'Stock-based compensation acceleration risk flagged: company may be required to accelerate SBC expenses if market-based vesting criteria are achieved earlier than expected due to rising stock price', 'Expenses expected to ramp through Q4 as company continues to invest in technical talent and product pipeline, creating near-term margin pressure risk']","['demand', 'other', 'demand', 'margins', 'margins']","['ai', 'customer_wins', 'enterprise_demand', 'product_launch', 'buybacks', 'guidance_beat', 'data_center', 'margin_expansion']",0.038000000000000034,0.030000000000000027,0.050000000000000044,0.020000000000000018,0.0,0.0,0.0,0.0,0.0,0.0,-0.020000000000000018,4,0.8969465648854962,0.5555555555555556,1.0,0.421,0.667,1.0,-0.07916391542484713,0.034991291792317636,0.5573523734403534,0.02535573970433191,4.0,0.0,0.0,4.0,1.0,0.0611896317002511,0.0860551069678245,0.1355188724151916,0.1705456136092997,0.3536820682125283,0.4056327253120342,1.1227595651336295,1.168003054145199,1,1,train
PLTR,Q4-2024,2025-02-03,0.88,0.72,0.816,very_bullish,0.92,0.08,5,5,1.0,raised,1,5,4,0,8,3,0.16000000000000003,1,1,0,1,1,0,0,1,1,0,0,0,0,0,1,1,0,1,0,0,0,1,0,0,0,0,0,0,0,1,1,1,0,0,0,0,0,0,"['Q4 revenue grew 36% YoY and 14% sequentially to $828M, exceeding the high end of prior guidance by over 900 basis points', 'U.S. commercial revenue grew 64% YoY and 20% sequentially to $214M in Q4; full-year U.S. commercial TCV booked hit a record $803M, up 134% YoY and 170% sequentially', 'Adjusted operating margin expanded to 45% in Q4, the strongest in company history, driving a Rule of 40 score of 81 — a 13-point sequential increase', 'Q4 adjusted free cash flow of $517M (63% margin); full-year adjusted FCF of $1.25B (44% margin)', 'Q4 TCV booked of $1.79B, up 56% YoY and 63% sequentially, including 32 deals worth $10M or more; U.S. commercial customer count grew 73% YoY to 382 customers']","[""International commercial revenue grew only 3% YoY in Q4; Europe specifically cited as 'anemic' at ~4% growth on 13% of the business, with no near-term catalyst for acceleration"", 'Strategic commercial contract revenue declining sharply — expected to fall to $4M-$6M in Q1 2025 vs. $24M in Q1 2024, and to represent only ~0.5% of full-year 2025 revenue', 'Significant increase in 2025 operating expenses expected as company invests in technical hires, which could pressure near-term margins despite strong top-line growth', 'DeepSeek-R1 and broader AI arms race with China highlighted as a national security risk; potential sanctions evasion via GPU sales in Singapore flagged as a concern', 'One-time $131M SAR-related expense accelerated in Q4, causing GAAP operating margin to compress to just 1% for the quarter, creating noise in reported earnings']","['demand', 'other', 'margins', 'geopolitical', 'execution']","['ai', 'customer_wins', 'enterprise_demand', 'product_launch', 'guidance_beat', 'data_center', 'margin_expansion', 'geopolitical']",0.005999999999999894,0.030000000000000027,-0.030000000000000027,0.020000000000000018,-0.020000000000000004,0.0,0.0,0.0,0.0,0.0,0.06000000000000005,5,0.916030534351145,0.6666666666666666,0.9285714285714286,0.218,0.6,0.0,0.11002114466804036,0.10723259162864829,0.9166857517953044,0.037061024333193346,4.0,0.0,1.0,4.0,1.0,-0.0278436033448423,-0.0237888970157407,0.0787916421208871,0.0846576207311433,-0.1767729514739934,-0.2250794792877704,0.1170725690846758,0.0484445602484082,0,0,train
PLTR,Q1-2025,2025-05-05,0.85,0.7,0.79,very_bullish,0.92,0.1,5,5,1.0,raised,1,5,4,0,8,3,0.15000000000000002,2,1,0,1,1,0,0,1,1,0,0,1,0,1,0,1,0,1,0,0,0,1,0,0,0,0,0,0,0,1,1,1,0,0,0,0,0,0,"['Total revenue grew 39% YoY to $884M, exceeding the high end of prior guidance by ~350 bps and representing an 1,800 bps acceleration vs. Q1 2024 growth rate', 'U.S. commercial revenue grew 71% YoY and 19% sequentially to $255M, surpassing $1B annual run rate for the first time; U.S. commercial TCV booked hit $810M, up 183% YoY', 'Adjusted operating margin expanded 800 bps YoY to 44%, driving Rule of 40 score of 83 — 7th consecutive quarter of expansion; adjusted free cash flow of $370M at a 42% margin', 'U.S. government revenue grew 45% YoY and 9% sequentially to $373M; international government grew 45% YoY including new NATO Maven Smart System partnership across 32 member states', 'Total TCV booked of $1.5B, up 66% YoY; total remaining deal value of $5.97B, up 45% YoY; net dollar retention increased 400 bps sequentially to 124%']","[""International commercial revenue declined 5% YoY and 11% sequentially to $141M, driven by continued headwinds in Europe and a one-time Q4 2024 revenue catch-up; Alex noted 'Europe doesn't get AI yet'"", 'U.S. DoD budget cuts and DOGE-driven federal spending reductions create potential lumpiness in government contract awards and renewals, even if management views it as net positive', ""Adjusted operating expenses grew 21% YoY and 8% sequentially to $493M as the company continues to invest heavily in technical hiring and AIP, with management flagging 'more significant increase in expense in 2025'"", 'Stock-based compensation of $155M plus $59M in employee-related equity tax expense remain elevated, creating a significant gap between GAAP ($0.08 EPS) and adjusted ($0.13 EPS) earnings', 'Customer concentration risk: trailing 12-month revenue from top 20 customers grew only 26% YoY to $70M per customer, lagging overall growth rates and suggesting heavy reliance on a small cohort']","['demand', 'macro', 'margins', 'other', 'customer_concentration']","['ai', 'customer_wins', 'enterprise_demand', 'product_launch', 'guidance_beat', 'data_center', 'margin_expansion', 'geopolitical']",-0.025999999999999912,-0.030000000000000027,-0.020000000000000018,0.0,0.020000000000000004,0.0,0.0,0.0,0.0,0.0,-0.010000000000000009,6,0.8664122137404581,0.4444444444444444,0.9285714285714286,0.208,0.6,0.0,0.07954640205677554,0.48050237921212635,0.4780272247489037,0.06101064181930225,5.0,0.0,0.0,5.0,1.0,0.0106760874125995,0.0148815243202191,0.1265619322440152,0.1767408174287159,0.0402146211784744,0.1015065496031888,0.5135357018610842,0.6492742263411329,1,1,train
WFC,Q4-2023,2024-01-17,0.15,0.05,0.11,slightly_bullish,0.55,0.35,5,5,1.0,mixed,0,5,1,3,8,3,0.09999999999999999,1,0,1,0,1,1,1,1,2,0,0,1,0,0,1,0,0,0,0,0,1,0,1,0,1,0,1,1,0,0,0,0,0,1,1,0,0,0,"['CIB revenue grew 26% year-over-year; markets revenue increased 33% YoY driven by structured products, equities, credit products and commodities; banking revenue up 15% YoY', 'Repurchased $12 billion of common stock in 2023; CET1 ratio at 11.4%, 2.5 percentage points above regulatory minimum; expects to repurchase more than $12B in 2024', 'Credit card new account growth up 17% YoY; credit card spend up 15% for the year; card balances up 40% since end of 2021', 'Full-year 2023 NII of $52.4 billion, reflecting strong growth vs. 2022; expenses declined YoY driven by lower operating losses and efficiency initiatives delivering ~$10B gross savings since 2020', 'Mobile active customers grew by 1.6 million in 2023; mobile logins up 11% YoY; 20 million consumer interactions with Fargo AI assistant']","[""Full-year 2024 NII guided to be approximately 7%-9% lower than 2023's $52.4B, with NII expected to trough toward year-end; driven by deposit mix shift, lower rates, and modest loan declines"", ""Commercial real estate office net charge-offs increased materially; CRE office nonaccrual loans rose $567M in Q4; management acknowledged 'we're still in the beginning of the movie' on CRE losses, which will be 'uneven and episodic'"", 'Net loan charge-offs rose 17 bps QoQ to 53 bps of average loans; consumer charge-offs at 79 bps driven by maturing credit card vintages; card charge-offs expected to trend higher in 2024', 'Noninterest-bearing deposits declined to 27% of mix; average deposits down 3% YoY as consumers migrate to higher-yielding alternatives; further consumer deposit attrition expected in 2024', 'Reported Q4 ROTCE of only 9% (impacted by $1.9B FDIC special assessment and $969M severance); path to 15% ROTCE described as medium-term with no specific timeline given; analysts openly questioned the slow pace of improvement']","['margins', 'demand', 'margins', 'macro', 'execution']","['margin_pressure', 'enterprise_demand', 'cost_cutting', 'macro_headwinds', 'buybacks', 'regulatory', 'restructuring', 'layoffs']",,,,,,,,,,,,0,0.13358778625954199,0.1111111111111111,0.2,,,,-0.05315476664321983,-0.07602458199254669,0.130517674711758,0.010834585146897677,0.0,0.0,0.0,0.0,0.0,0.0237096773544176,0.0361757765837198,0.0498554314463361,0.0740741927058736,0.0773261136538199,0.1256378090421306,0.2221524563800194,0.2737423038942526,1,1,train
WFC,Q1-2024,2024-04-12,0.25,0.15,0.21,slightly_bullish,0.62,0.3,5,5,1.0,reaffirmed,0,4,0,0,8,3,0.1,1,0,1,0,1,1,0,1,2,2,0,0,0,0,0,0,0,0,0,0,1,0,1,0,1,0,1,1,0,1,1,0,0,0,0,0,0,0,"['Noninterest income grew 17% YoY with strong growth across investment advisory fees, brokerage commissions, deposit and lending-related fees, trading, and Investment Banking fees, more than offsetting NII decline', ""Repurchased $6.1 billion of common stock in Q1 2024, with average common shares outstanding down 6% YoY; committed to repurchase more than 2023's total"", 'Credit card spend up ~$5 billion or 14% YoY; new account growth up 12% YoY; launched Autograph Journey travel card', 'CRE office nonperforming assets declined 2% from Q4, with no further deterioration in the office portfolio and CIB CRE office allowance coverage ratio stable at 11%', 'Mobile banking surpassed 30 million active customers (up 6% YoY) and 2 billion logins in a quarter for the first time (up 18% YoY)']","['Net interest income declined $1.1 billion or 8% YoY due to higher funding costs and lower loan balances; full-year 2024 NII guided 7%-9% lower than 2023', 'Average commercial and consumer loans both declined QoQ and YoY; weak loan demand driven by higher rates, client caution, and credit tightening actions across auto, mortgage, and commercial portfolios', 'Noninterest-bearing deposits declined to 26% of total deposits with ongoing mix shift into higher-yielding alternatives; deposit costs rose 16 bps QoQ to 174 bps', 'Operating losses elevated in Q1 due to customer remediation accruals for historical matters; outstanding litigation and regulatory matters could impact operating losses for the remainder of the year', 'Asset cap remains in place, constraining balance sheet growth, trading financing capacity, and corporate deposit gathering; described as a reputational overhang with no timeline given for removal']","['margins', 'demand', 'margins', 'regulatory', 'regulatory']","['customer_wins', 'margin_pressure', 'enterprise_demand', 'product_launch', 'cost_cutting', 'macro_headwinds', 'buybacks', 'regulatory']",0.09999999999999999,0.1,0.09999999999999999,0.06999999999999995,-0.04999999999999999,0.0,0.0,0.0,0.0,0.0,1.3877787807814457e-17,0,0.2366412213740458,0.4444444444444444,0.2727272727272727,0.33,0.667,2.0,-0.016202054120447063,-0.023348261501965006,0.15959713016274635,0.00829474946942876,1.0,1.0,3.0,0.0,0.0,-0.0080060910638157,-0.0098298400683605,0.0818705192725072,0.072494106959233,0.0552391679981194,0.0926066882491387,-0.0598893693314015,0.0634774287323631,1,0,train
WFC,Q2-2024,2024-07-12,0.2,0.05,0.14,slightly_bullish,0.62,0.3,5,5,1.0,mixed,0,4,1,2,8,3,0.15000000000000002,2,0,0,0,1,1,0,1,2,1,0,0,0,0,1,1,0,0,0,0,1,0,1,0,0,0,1,1,0,0,1,0,0,0,0,0,0,0,"['Noninterest income increased 19% YoY with growth across most categories, more than offsetting the expected NII decline; sixth consecutive quarter of YoY revenue growth', 'EPS of $1.33 per diluted share grew from both Q1 and a year ago, with net income of $4.9 billion', 'Repurchased $6.1 billion of common stock in Q2 and over $12 billion in H1 2024; announced 14% dividend increase to $0.40/share in Q3', 'Markets revenue grew 16% YoY driven by strong performance in equities, structured products and credit; trading assets up ~17% on average', 'CET1 ratio of 11% remains well above current 8.9% regulatory minimum plus buffers and above the new 9.8% minimum effective Q4 2024']","['Full-year 2024 NII now guided to down ~8%-9% vs. 2023, remaining in the upper half of original range but reflecting weaker-than-expected loan balances and a surprise ~$350M headwind from WIM sweep deposit repricing in June', 'Full-year 2024 noninterest expense guidance raised to ~$54B from original ~$52.6B, driven by higher operating losses/customer remediation accruals (~$500M above run rate YTD), $336M FDIC special assessment, and higher WIM revenue-related comp', 'Commercial real estate office losses remain elevated and lumpy; nonperforming assets rose 5% QoQ driven by higher CRE office nonaccruals; office commitment down 13% and loan balances down 9% YoY but uncertainty persists', 'Average loans declined from both Q1 and a year ago across most categories; tepid commercial loan demand expected to persist with balances declining slightly from Q2 levels into H2 2024', 'Asset cap continues to constrain trading and markets business growth; Basel III finalization uncertainty causing management to slow buyback pace and maintain conservative capital posture near 11% CET1']","['margins', 'execution', 'margins', 'demand', 'regulatory']","['dividends', 'ai', 'customer_wins', 'margin_pressure', 'enterprise_demand', 'macro_headwinds', 'buybacks', 'regulatory']",-0.06999999999999998,-0.04999999999999999,-0.09999999999999999,0.0,0.0,0.0,0.0,0.0,0.0,0.0,0.05000000000000002,0,0.17557251908396945,0.2222222222222222,0.36363636363636365,0.257,0.75,2.0,-0.051660387870356206,-0.010327343228300645,0.0030879396972538498,0.019789636824883997,1.0,2.0,1.0,-1.0,0.0,0.0375477888947644,0.0434782040693291,0.0366761152515254,0.024424074604276,-0.0424802057149407,-0.0771888272907269,0.0292304381561843,0.0645406912287389,0,1,train
WFC,Q3-2024,2024-10-11,0.3,0.15,0.24,slightly_bullish,0.62,0.35,5,5,1.0,reaffirmed,0,2,0,0,8,3,0.15,2,1,0,0,0,1,0,2,2,1,0,0,0,0,0,0,0,0,0,0,1,0,1,0,1,0,1,1,0,0,1,0,0,0,0,0,0,1,"['Net income of $5.1B, diluted EPS of $1.42, ROE of 11.7% and ROTCE of 13.9%, all up from Q2', 'Noninterest income grew 12% YoY with double-digit increases in investment advisory, trading gains, deposit-related fees, and investment banking', 'Repurchased $3.5B of common stock in Q3 and $15.6B YTD, up over 60% from a year ago; dividend increased 14% in Q3', 'Net loan charge-offs declined 8 bps QoQ to 49 bps of average loans, driven by lower commercial and credit card losses; CRE office nonaccruals declined $164M', 'CET1 ratio improved to 11.3% from 11.0% last quarter, 150 bps above new regulatory minimum plus buffers of 9.8%; fee-based revenue up 16% in first 9 months of 2024']","['Net interest income declined $233M or 2% from Q2; full-year 2024 NII expected to be ~9% below 2023, with trough timing uncertain and dependent on Fed rate path, deposit mix, and pricing', 'Average loans declined QoQ and YoY; commercial loan demand remains weak due to economic uncertainty and high borrowing costs, with no near-term recovery expected', 'New formal agreement with the OCC on AML/KYC controls adds to existing regulatory burden; asset cap from 2018 Fed consent order remains in place with no specific timeline for removal', 'Commercial real estate office portfolio continues to deteriorate — market fundamentals remain weak, losses expected to be lumpy, and more properties are being impacted over time', 'Consumer stress more pronounced in lower-income segments where inflation has partially offset wage and employment gains; credit card payment rates modestly lower YoY']","['margins', 'demand', 'regulatory', 'margins', 'demand']","['customer_wins', 'margin_pressure', 'inventory', 'enterprise_demand', 'cost_cutting', 'macro_headwinds', 'buybacks', 'regulatory']",0.09999999999999998,0.09999999999999998,0.09999999999999999,0.0,0.04999999999999999,0.0,0.0,0.0,0.0,0.0,-2.7755575615628914e-17,0,0.27099236641221375,0.5555555555555556,0.23076923076923078,0.242,1.0,1.0,0.0707514472454358,0.18266447464408286,0.06454069122873896,0.021447426207546878,2.0,0.0,2.0,2.0,0.0,0.0217657749305558,0.0139960407850974,0.0311034412190533,0.0299225743249533,0.1531540679378058,0.1746833575516317,0.2109940617741481,0.2288869703526581,1,1,train
WFC,Q4-2024,2025-01-15,0.55,0.4,0.49,bullish,0.72,0.25,5,5,1.0,raised,1,5,4,0,8,3,0.15000000000000002,2,1,0,0,1,1,0,2,1,1,0,0,0,0,0,0,0,0,0,0,1,1,0,0,1,0,1,1,0,1,1,0,0,0,0,0,0,0,"['Diluted EPS up 11% YoY; net income of $5.1B in Q4; ROTCE improved to 13.4% in 2024 from 8% in 2020', 'Fee-based revenue grew 15% YoY in 2024, largely offsetting the expected decline in NII; noninterest income up 11% from a year ago in Q4', 'Returned $25B of capital to shareholders in 2024, including ~$20B in buybacks (up 64% YoY) and a 15% increase in common stock dividend per share; common shares outstanding reduced 9% YoY', 'Net interest income grew $146M (1%) from Q3 — first linked-quarter NII increase since Q4 2022; investment portfolio repositioning of ~$80B into higher-yielding securities with ~2.5-year payback', 'Over 2.4M new credit card accounts opened in 2024; credit card spend up over $17B YoY; mobile active customers grew 1.5M (up 5% YoY); Zelle transactions exceeded 1B, up 22% YoY']","['Commercial real estate office fundamentals remain weak; CRE office net charge-offs drove commercial NCOs up $80M QoQ to 30 bps; losses expected to remain lumpy', 'Average loans declined throughout 2024 and remain down YoY; weak loan demand and credit tightening actions weighed on most asset classes; commercial clients remain cautious with no meaningful change in loan demand in Q4', 'Asset cap from Federal Reserve consent order remains in place, constraining balance sheet growth and limiting organic loan growth opportunities throughout 2025', 'NII headwind from modestly asset-sensitive balance sheet given forward curve implying only 1-2 Fed rate cuts; Q4 annualized NII of ~$47B is ~$700M below full-year 2024 NII', 'Q4 included $647M severance charge and $448M net losses on debt securities sales; trading revenue down 5% YoY in CIB with $85M FVA implementation loss; markets revenue underperformed peers']","['demand', 'demand', 'regulatory', 'margins', 'other']","['customer_wins', 'enterprise_demand', 'product_launch', 'cost_cutting', 'macro_headwinds', 'buybacks', 'margin_expansion', 'regulatory']",0.25,0.25000000000000006,0.25,0.09999999999999998,-0.09999999999999998,0.0,0.0,0.0,1.0,0.0,2.7755575615628914e-17,1,0.42366412213740456,0.6666666666666666,0.42857142857142855,0.333,0.75,1.0,0.06090233462013184,0.0727399704717091,0.22888697035265815,0.01969736489338385,1.0,0.0,1.0,1.0,1.0,0.004838324467848,0.0148782781038381,-0.0095630548040124,0.0180381833139018,0.0352946431172702,0.0688454407509264,-0.036209259276852,-0.1437855885136512,1,1,train
WFC,Q1-2025,2025-04-11,0.25,0.1,0.19,slightly_bullish,0.62,0.3,5,5,1.0,mixed,0,3,0,1,8,3,0.15,1,1,0,0,0,1,1,1,1,1,0,2,0,0,0,0,0,0,0,1,1,0,1,0,1,0,1,1,0,0,0,0,0,0,0,0,0,1,"['Diluted EPS up 16% YoY to $1.39, with net income of $4.9 billion', 'Returned $4.8 billion of capital to shareholders in Q1 via dividends and share repurchases, including $3.5B in buybacks; diluted average shares outstanding down 8% YoY', '5 consent orders terminated in Q1 (11 total since 2019), freeing management bandwidth and signaling regulatory progress', 'Net loan charge-off ratio improved to 45 bps, down 5 bps YoY and 8 bps QoQ, driven by lower commercial losses including CRE office portfolio', 'Noninterest expense declined 3% YoY on efficiency initiatives; headcount reductions for 19 consecutive quarters']","['NII guided to low end of the 1%-3% growth range vs. 2024, with significant uncertainty around rate path, loan growth, and deposit mix; CFO acknowledged forward curve has moved 40-50 bps lower on the short end in the second half', ""Tariff-driven economic uncertainty creating client caution; management flagged 'continued volatility and uncertainty' and preparation for 'a slower economic environment in 2025'"", 'Nonperforming assets increased 4% QoQ driven by a rise in commercial and industrial nonaccrual loans', 'Auto revenue declined 21% YoY on lower loan balances and spread compression; tariff risk to Volkswagen/Audi partnership flagged as an open question', 'Asset cap remains in place, constraining balance sheet growth in trading (equity finance/prime), loan origination, and deposit-taking; no timeline provided for removal']","['macro', 'macro', 'demand', 'margins', 'regulatory']","['margin_pressure', 'tariffs', 'inventory', 'enterprise_demand', 'cost_cutting', 'macro_headwinds', 'buybacks', 'regulatory']",-0.3,-0.30000000000000004,-0.30000000000000004,-0.09999999999999998,0.04999999999999999,0.0,0.0,0.0,-1.0,0.0,-2.7755575615628914e-17,1,0.22137404580152673,0.3333333333333333,0.39285714285714285,0.247,0.75,1.0,0.02509014018810163,-0.08691203377245837,-0.10207802613830064,0.034880132308294697,2.0,1.0,2.0,1.0,0.0,0.0256216595448611,0.0228208499105981,0.0716210696113699,0.049603813353606,0.1256009463545362,0.2155068325550264,0.1120774866304714,0.2733502558764618,1,1,train
